# Soil Microbial Biomass via Chloroform Fumigation,,,,,,,,,,,,,
#,,,,,,,,,,,,,
# Original Data Source: https://lter.kbs.msu.edu/datatables/25,,,,,,,,,,,,,
# The newest version of the data https://lter.kbs.msu.edu/datatables/25.csv,,,,,,,,,,,,,
# Full EML Metadata: https://lter.kbs.msu.edu/datasets/14.eml,,,,,,,,,,,,,
#,,,,,,,,,,,,,
# These Data are copyrighted and use in a publication requires written permission,,,,,,,,,,,,,
# as detailed in our Terms of use:  https://lter.kbs.msu.edu/data/terms-of-use/,,,,,,,,,,,,,
# Use of the data constitutes acceptance of the terms.,,,,,,,,,,,,,
#,,,,,,,,,,,,,
#     VARIATE TABLE,,,,,,,,,,,,,
"# date		date of sampling",,,,,,,,,,,,,
"# trt		cropping system treatment",,,,,,,,,,,,,
"# rep		replicate block",,,,,,,,,,,,,
"# stn		replicate station within block",,,,,,,,,,,,,
"# co2_c	microgramsPerGram	CO2 mineralized in 10 day incubation of unfumigated soil at 25 Celsius",,,,,,,,,,,,,
"# co2_f	microgramsPerGram	CO2 mineralized in 10 day incubation of chloroform fumigated soil at 25 Celsius",,,,,,,,,,,,,
"# nc	microgramsPerGram	N mineralized in 10 day incubation of unfumigated soil at 25 C",,,,,,,,,,,,,
"# nf	microgramsPerGram	N mineralized in 10 day incubation of chloroform fumigated soil at 25 C",,,,,,,,,,,,,
"# cfibio_c	microgramsPerGram	microbial biomass C",,,,,,,,,,,,,
"# cfibio_n	microgramsPerGram	microbial biomass N",,,,,,,,,,,,,
"# Year		year in which date occurs",,,,,,,,,,,,,
#,,,,,,,,,,,,,
#,,,,,,,,,,,,,
#        DATA TABLE CORRECTIONS AND COMMENTS,,,,,,,,,,,,,
#<kbsml_text>,,,,,,,,,,,,,
# <p>,,,,,,,,,,,,,
#This data set contains soil microbial biomass carbon (C) and nitrogen (N) data for the main cropping system study, as determined by chloroform fumigation - incubation. Data are from treatments 1 - 8, CF, DF, and SF. See the descriptor (KBS004) for treatment descriptions. Samples are collected approximately monthly (during ice-free conditions) or annually (varies by year) from 5 sampling stations in each of 6 replicate plots per treatment; exceptions are treatment 8 (four reps), and treatments CF, DF, and SF (three reps each). For general sampling information, see Baseline Soil Sampling Protocol. For specific sampling details for a particular date, see Soil Sampling Field Log. Soil samples are sieved to 4 mm and composited by plot. Sieved samples are stored at 4 degrees C for 2-3 days prior to analysis by chloroform fumigation - incubation to measure microbial biomass. Mineralized CO2 is trapped in 2M NaOH and measured either by single or double endpoint titration, depending on whether isotopic analysis of CO2 is performed. Biomass N is determined by automated colorimetric analysis. For a description of incubation and analysis, see Chloroform Fumigation - Incubation Protocol.,,
#</p>,,,,,,,,,,,,,
#<p>,,,,,,,,,,,,,
#The calculation of biomass C and N from chloroform fumigation - incubation data remains controversial. For this reason, the C and N mineralization data are made available in the calculation data files below, so that the biomass values may be recalculated by other methods if desired.,,,,,,,,,,,
#</p>,,,,,,,,,,,,,
#<p>Publications,,,,,,,,,,,,,
#<ul>,,,,,,,,,,,,,
#<li><p>Defining a realistic control for the chloroform fumigation-incubation method using microscopic counting and 14C-substrates. 1996. Horwath, W. R.; Paul, E. A.; Harris, D.; Norton, J.; Jagger, L.; and Horton, K.S. Canadian Journal of Soil Science. 76:459-467.</p></li>,,,,,,,
#</ul>,,,,,,,,,,,,,
#</p>,,,,,,,,,,,,,
#,,,,,,,,,,,,,
#<p>Manuscripts,,,,,,,,,,,,,
#<ul>,,,,,,,,,,,,,
#<li><p>The determination of microbial biomass. 1997 . E. A. Paul, D. Harris, T. O'Dell and M. Klug. In: LTER soils standardization volume. ed D. C. Coleman. (In Press). </p></li>,,,,,,,,,,,
#<li><p>Measurement of microbial biomass C:N ratio by chloroform fumigation-incubation. 19XX. D. Harris, R. P. Voroney and E.A. Paul. Canadian Journal of Soil Science. (In Press). </p></li>,,,,,,,,,,,,
#</ul>,,,,,,,,,,,,,
#</p>,,,,,,,,,,,,,
#<p>,,,,,,,,,,,,,
#Funding:  KBS LTER,,,,,,,,,,,,,
#</p>,,,,,,,,,,,,,
#<p>The presentation of this data table was revised in September 2002 by the LTER data manager.  All data were merged into a single table, whereas formerly there were seperate tables for each year and separate tables for raw data and calculated data.  Data were imported into a database; station data was absent for 1993 and was reconstructed by inference.,,,,,,,,,,,,
# </p>,,,,,,,,,,,,,
# <p>Number of cores collected per station:  1989, 4; 1990, variable; 1991, 3; 1993, 4; 1995, 2; 1996, 4.  In 1993, cores from Treatments 1,4,7, CF, DF, and SF were composited by station.  For all other years and treatments, all cores from all stations (5) were composited by replicate.
# </p>,,,,,,,,,,,,,
#<p>Microbial Biomass N was not analyzed in 1996.,,,,,,,,,,,,,
#</p>,,,,,,,,,,,,,
# <p>,,,,,,,,,,,,,
#Negative values for CFBIO-C and CFBIO-N, though not biologically possible, are statistically possible results of the calculated values and are therefore included in the mean values. NF or NC may be negative when there is net immobilization of N.,,,,,,,,,,,
#</p>,,,,,,,,,,,,,
#<p>,,,,,,,,,,,,,
#The primary expression of biomass in this data set is on a per gram basis. Conversion of biomass from a per-gram basis to an area basis may be accomplished by multiplying the per-gram values by the sampling depth (25 cm for most dates) and the soil bulk density. For sampling depth information and bulk density values, see the Soil Sampling Field Log and Bulk Density Tables.,,,,,,,,,,,,
#</p>,,,,,,,,,,,,,
#<p>,,,,,,,,,,,,,
#The calculation of biomass C and N from chloroform fumigation - incubation data remains controversial. For this reason, the C and N mineralization data are made available so that the biomass values may be recalculated by other methods if desired.,,,,,,,,,,,,
#</p>,,,,,,,,,,,,,
#<p>,,,,,,,,,,,,,
#Data entry and integrity was checked at multiple levels by D. Harris. Calculation of microbial biomass C and N, as well as calculation of means and standard errors, was performed on the data in Excel. For information on calculations performed, see Equations for Microbial C and N Calculation.,,,,,,,,,,
#</p>,,,,,,,,,,,,,
#</kbsml_text>,,,,,,,,,,,,,
#,,,,,,,,,,,,,
#,,,,microgramsPerGram,microgramsPerGram,microgramsPerGram,microgramsPerGram,microgramsPerGram,microgramsPerGram,,,,
date,trt,rep,stn,co2_c,co2_f,nc,nf,cfibio_c,cfibio_n,Year,,,
4/24/1989,T1,R1,C ,146.7,147.1,-2.55,14.32,172,37.7,1989,,,
4/24/1989,T1,R2,C ,193,194,-1.4,16.26,228,44.8,1989,,,
4/24/1989,T1,R3,C ,163.4,206,13.33,12.02,265,30.7,1989,,,
4/24/1989,T1,R4,C ,192.6,181.2,-1.44,15.88,206,42.2,1989,,,
4/24/1989,T1,R5,C ,253.6,244.5,6.09,18.52,281,47.7,1989,,,
4/24/1989,T1,R6,C ,173,143.3,-5.27,4.98,151,24.5,1989,,,
4/24/1989,T2,R1,C ,142.6,143.7,-0.66,18.64,169,41.9,1989,,,
4/24/1989,T2,R2,C ,169.4,198.4,-1.93,24.98,248,59.2,1989,,,
4/24/1989,T2,R3,C ,258.7,203,0.78,21.32,206,48.2,1989,,,
4/24/1989,T2,R4,C ,166.1,196,6.5,10.86,246,33.1,1989,,,
4/24/1989,T2,R5,C ,150.7,198.2,11.52,27.61,259,52.6,1989,,,
4/24/1989,T2,R6,C ,186.7,172.6,-15.43,13.05,194,46.7,1989,,,
4/24/1989,T3,R1,C ,128.8,207.2,11.4,13.05,286,34.2,1989,,,
4/24/1989,T3,R2,C ,205.9,223.1,8.6,26.21,271,55.1,1989,,,
4/24/1989,T3,R3,C ,287.4,229.7,14.49,28.35,236,52,1989,,,
4/24/1989,T3,R4,C ,193.2,411.2,7.86,16.79,603,71.1,1989,,,
4/24/1989,T3,R5,C ,171.1,165.3,8.31,25.64,190,47.3,1989,,,
4/24/1989,T3,R6,C ,151.3,189.6,14.07,11.28,243,27.1,1989,,,
4/24/1989,T4,R1,C ,238,227.1,8.72,27.53,260,56.2,1989,,,
4/24/1989,T4,R2,C ,240.5,228.7,3.74,24.28,261,55.3,1989,,,
4/24/1989,T4,R3,C ,231.3,223.7,4.28,29.05,257,61.1,1989,,,
4/24/1989,T4,R4,C ,167.1,184.6,18.27,33.46,226,53.4,1989,,,
4/24/1989,T4,R5,C ,186.7,190,7.24,21.65,224,45.6,1989,,,
4/24/1989,T4,R6,C ,166.9,173.4,12.02,30.49,207,52.5,1989,,,
4/24/1989,T5,R1,C ,201.1,188.6,0.95,18.23,214,44.5,1989,,,
4/24/1989,T5,R2,C ,129.4,180.8,2.8,21.07,240,49.2,1989,,,
4/24/1989,T5,R3,C ,157.6,152.9,2.43,27.7,176,52.9,1989,,,
4/24/1989,T5,R4,C ,237.2,155.3,10.04,18.02,136,31.8,1989,,,
4/24/1989,T5,R5,C ,177.4,166.7,4.53,17.37,189,38.6,1989,,,
4/24/1989,T5,R6,C ,123.2,147.7,-3.99,16.26,187,43.1,1989,,,
4/24/1989,T6,R1,C ,134.9,190,-1.81,27.33,253,62.9,1989,,,
4/24/1989,T6,R2,C ,120,178.4,0.66,18.85,241,48.1,1989,,,
4/24/1989,T6,R3,C ,206.3,190.8,-8.97,6.5,215,35.4,1989,,,
4/24/1989,T6,R4,C ,136.9,192.6,1.56,9.26,257,35.6,1989,,,
4/24/1989,T6,R5,C ,178.2,201.2,-2.06,17.12,248,48.5,1989,,,
4/24/1989,T6,R6,C ,183.6,156.9,-6.91,4.32,169,26.4,1989,,,
4/24/1989,T7,R1,C ,204.7,189.6,1.28,18.07,213,44.1,1989,,,
4/24/1989,T7,R2,C ,142.3,150.9,-5.19,19.22,181,47.3,1989,,,
4/24/1989,T7,R3,C ,171.5,219.9,-2.8,22.14,284,59.5,1989,,,
4/24/1989,T7,R4,C ,185.1,188.2,-1.28,7.33,222,32,1989,,,
4/24/1989,T7,R5,C ,151.3,178.2,1.56,12.14,224,36.6,1989,,,
4/24/1989,T7,R6,C ,169.2,164.9,-4.36,9.01,191,33.5,1989,,,
4/24/1989,T8,R1,C ,308.5,469.6,7.49,24.28,640,87,1989,,,
4/24/1989,T8,R2,C ,432.3,391.8,5.43,51.32,436,107.8,1989,,,
4/24/1989,T8,R3,C ,348.5,507.8,4.94,35.43,683,108.9,1989,,,
4/24/1989,T8,R4,C ,294.3,432.7,2.43,44.86,584,114.5,1989,,,
5/22/1989,T1,R1,C ,111.1,121.9,1.5,4.19,149,18.7,1989,,,
5/22/1989,T1,R2,C ,148.2,145.5,2.42,6.04,169,22.6,1989,,,
5/22/1989,T1,R3,C ,192.4,183,1.85,3.88,209,23.8,1989,,,
5/22/1989,T1,R4,C ,125.1,151.1,1.6,6.33,191,25.5,1989,,,
5/22/1989,T1,R5,C ,133.2,204.5,2.15,6.06,279,32.8,1989,,,
5/22/1989,T1,R6,C ,123.8,162.8,1.69,3.35,212,23.3,1989,,,
5/22/1989,T2,R1,C ,182.6,196.3,2.94,9.04,237,32.7,1989,,,
5/22/1989,T2,R2,C ,154.6,258.6,2.42,6.23,361,40.4,1989,,,
5/22/1989,T2,R3,C ,159.9,279.1,3.21,8.15,393,45.3,1989,,,
5/22/1989,T2,R4,C ,114,239.3,2.88,5.67,350,37.7,1989,,,
5/22/1989,T2,R5,C ,156.7,159.9,1.04,-2.81,189,13.4,1989,,,
5/22/1989,T2,R6,C ,153.6,224.7,2.48,7.19,303,36.4,1989,,,
5/22/1989,T3,R1,C ,243,229.5,0.75,8.13,261,35.4,1989,,,
5/22/1989,T3,R2,C ,249.1,252.6,1.08,11.04,298,42.6,1989,,,
5/22/1989,T3,R3,C ,30.4,207.2,2.19,10.4,342,40,1989,,,
5/22/1989,T3,R4,C ,231.4,189.7,2.13,7.04,199,27.1,1989,,,
5/22/1989,T3,R5,C ,231.3,124.8,1.4,6.75,86,16.7,1989,,,
5/22/1989,T3,R6,C ,163.4,177.6,2.46,8.92,216,30.8,1989,,,
5/22/1989,T4,R1,C ,204.2,137.4,2.02,8.5,123,22.2,1989,,,
5/22/1989,T4,R2,C ,213,130.1,2.79,8.25,106,19.8,1989,,,
5/22/1989,T4,R3,C ,180.1,159.7,2.4,7.85,176,25.8,1989,,,
5/22/1989,T4,R4,C ,116.5,204.5,-3.54,4.44,289,37,1989,,,
5/22/1989,T4,R5,C ,112.7,125.7,0.17,6.29,154,23.1,1989,,,
5/22/1989,T4,R6,C ,318.9,177.6,18,8.19,129,13.8,1989,,,
5/22/1989,T5,R1,C ,118.6,189,2.29,5.71,261,30.4,1989,,,
5/22/1989,T5,R2,C ,112.8,165.3,0.38,5.1,223,27.8,1989,,,
5/22/1989,T5,R3,C ,115.3,160.3,0.65,7.35,213,29.7,1989,,,
5/22/1989,T5,R4,C ,93.2,148.8,5.04,10.06,205,28.5,1989,,,
5/22/1989,T5,R5,C ,97.8,194.2,1.04,4.67,281,31.9,1989,,,
5/22/1989,T5,R6,C ,155.7,162.1,3,6.44,193,25,1989,,,
5/22/1989,T6,R1,C ,117.5,133.4,2.73,8.13,165,24.7,1989,,,
5/22/1989,T6,R2,C ,139.2,211.5,1.85,7.08,288,35.3,1989,,,
5/22/1989,T6,R3,C ,126.5,172.2,-0.85,4.54,227,28.5,1989,,,
5/22/1989,T6,R4,C ,126.1,145.1,1.81,6.58,181,24.7,1989,,,
5/22/1989,T6,R5,C ,200.9,189.2,-0.35,8.13,215,31.7,1989,,,
5/22/1989,T6,R6,C ,130.4,168.8,1.25,5.58,219,27.4,1989,,,
5/22/1989,T7,R1,C ,102.1,144.8,1.48,4.52,193,23.2,1989,,,
5/22/1989,T7,R2,C ,266.8,151.1,3.21,8.81,112,20.9,1989,,,
5/22/1989,T7,R3,C ,180.5,151.3,1.23,7.5,161,24.7,1989,,,
5/22/1989,T7,R4,C ,154,143,2.21,6.92,161,23.2,1989,,,
5/22/1989,T7,R5,C ,225.3,129.8,4.02,7.15,98,16.9,1989,,,
5/22/1989,T7,R6,C ,226.8,367.2,2.54,7.33,508,55.9,1989,,,
5/22/1989,T8,R1,C ,233,210.9,3.94,17.69,234,43.8,1989,,,
5/22/1989,T8,R2,C ,372.2,399.1,-0.48,6.73,482,55.3,1989,,,
5/22/1989,T8,R3,C ,357,452.9,-0.02,18.77,584,81.1,1989,,,
5/22/1989,T8,R4,C ,464.4,623.4,0.25,18.79,818,103.2,1989,,,
7/25/1989,T1,R1,C ,66.6,98.5,2.84,5.35,133,17.4,1989,,,
7/25/1989,T1,R2,C ,81.8,44.6,28,30.45,31,29.7,1989,,,
7/25/1989,T1,R3,C ,81.3,25.4,17.41,12.24,-2,8.7,1989,,,
7/25/1989,T1,R4,C ,59.4,96.5,18.97,14.86,134,14.8,1989,,,
7/25/1989,T1,R5,C ,195.6,117.5,21.11,18.5,94,22.5,1989,,,
7/25/1989,T1,R6,C ,51.6,52,18.21,25.19,61,27.2,1989,,,
7/25/1989,T2,R1,C ,71.6,126.3,-10.91,5.12,178,35,1989,,,
7/25/1989,T2,R2,C ,72,115.2,-20.97,-16.46,159,12.5,1989,,,
7/25/1989,T2,R3,C ,104.4,160.1,-0.49,16.21,218,43.3,1989,,,
7/25/1989,T2,R4,C ,70.3,140.5,-9.94,11.26,204,45.7,1989,,,
7/25/1989,T2,R5,C ,68.4,117.5,-10.99,7.06,165,36.2,1989,,,
7/25/1989,T2,R6,C ,61.5,123,0.14,-9.55,178,3.8,1989,,,
7/25/1989,T3,R1,C ,119.6,445.2,-12.24,-7.88,703,77.9,1989,,,
7/25/1989,T3,R2,C ,106.9,101.4,-23.97,3.13,116,31.8,1989,,,
7/25/1989,T3,R3,C ,97.6,116.2,-7.35,-3.42,146,15,1989,,,
7/25/1989,T3,R4,C ,151.5,134.8,-11.98,-8.66,148,10.2,1989,,,
7/25/1989,T3,R5,C ,114.5,133.3,-2.06,-13.64,167,-1.2,1989,,,
7/25/1989,T3,R6,C ,87.7,108,-16.19,-11.46,138,10.4,1989,,,
7/25/1989,T4,R1,C ,128,223.8,12.53,9.75,316,30.7,1989,,,
7/25/1989,T4,R2,C ,124.4,138.2,6.85,7.67,170,21.4,1989,,,
7/25/1989,T4,R3,C ,164.2,177.3,7.3,10.19,215,28.9,1989,,,
7/25/1989,T4,R4,C ,80.1,149.4,3.11,8.81,214,29,1989,,,
7/25/1989,T4,R5,C ,199.4,173.5,9.05,13.66,189,30.6,1989,,,
7/25/1989,T4,R6,C ,132,148.5,2.12,16.3,183,38,1989,,,
7/25/1989,T5,R1,C ,21.8,69.1,2.92,14.49,107,25.4,1989,,,
7/25/1989,T5,R2,C ,41.6,82.4,4.38,10.56,119,20.9,1989,,,
7/25/1989,T5,R3,C ,69.5,87.3,4.44,0.25,112,7.4,1989,,,
7/25/1989,T5,R4,C ,108.2,54.1,3.87,6.65,33,10.2,1989,,,
7/25/1989,T5,R5,C ,52.2,78,3.66,8.79,106,18.7,1989,,,
7/25/1989,T5,R6,C ,77.8,128.2,13.33,11.28,178,19.4,1989,,,
7/25/1989,T6,R1,C ,77.1,112.8,-9.01,-3.25,152,18,1989,,,
7/25/1989,T6,R2,C ,29.2,135.6,-3.25,0.95,218,29,1989,,,
7/25/1989,T6,R3,C ,86.2,123,-2.84,4.05,165,23.7,1989,,,
7/25/1989,T6,R4,C ,87.7,117.5,1.4,8.81,154,25.5,1989,,,
7/25/1989,T6,R5,C ,62.3,150.8,-7.28,-3.56,226,25.9,1989,,,
7/25/1989,T6,R6,C ,109.6,158.9,5.23,7.51,214,25.9,1989,,,
7/25/1989,T7,R1,C ,53.4,115.8,21.93,6.05,171,-1.3,1989,,,
7/25/1989,T7,R2,C ,80.9,94.7,7.67,4.65,119,11.6,1989,,,
7/25/1989,T7,R3,C ,135.4,135.9,14.81,8.17,159,15.7,1989,,,
7/25/1989,T7,R4,C ,71.8,109,16.75,6.58,148,7.8,1989,,,
7/25/1989,T7,R5,C ,34.6,116,14.69,19.79,181,20.1,1989,,,
7/25/1989,T7,R6,C ,113.7,140.5,0.84,19.42,179,42.9,1989,,,
7/25/1989,T8,R1,C ,232,457.7,1.19,22.7,662,92.6,1989,,,
7/25/1989,T8,R2,C ,213.4,300,-0.27,10.68,400,52.8,1989,,,
7/25/1989,T8,R3,C ,201.6,108,2.22,17.98,74,30.4,1989,,,
7/25/1989,T8,R4,C ,94.6,308,,,480,,1989,,,
9/19/1989,T1,R1,C ,17.7,103.8,1.83,11.87,170,27.5,1989,,,
9/19/1989,T1,R2,C ,79.1,119.5,8.64,18.68,162,33,1989,,,
9/19/1989,T1,R3,C ,230,192.1,-0.04,11.56,204,35.2,1989,,,
9/19/1989,T1,R4,C ,160.9,188.5,2.61,6.85,236,29.7,1989,,,
9/19/1989,T1,R5,C ,129.2,94.4,5.64,0,91,5.2,1989,,,
9/19/1989,T1,R6,C ,16.3,84.9,5.35,12.53,138,17.5,1989,,,
9/19/1989,T2,R1,C ,84,185.2,2.39,7.18,273,32.9,1989,,,
9/19/1989,T2,R2,C ,66.5,104.2,2.78,7.65,143,21.4,1989,,,
9/19/1989,T2,R3,C ,150,,,,,,1989,,,
9/19/1989,T2,R4,C ,180.8,118.8,7.59,11.95,104,21.9,1989,,,
9/19/1989,T2,R5,C ,74.5,141.6,2.96,7.74,203,26.7,1989,,,
9/19/1989,T2,R6,C ,77.2,,,,,,1989,,,
9/19/1989,T3,R1,C ,147.5,,,,,,1989,,,
9/19/1989,T3,R2,C ,105.4,107.1,1.77,8.72,126,22.6,1989,,,
9/19/1989,T3,R3,C ,131.6,150,3.07,9.42,186,28.2,1989,,,
9/19/1989,T3,R4,C ,61.7,78.3,4.42,11.11,101,21.1,1989,,,
9/19/1989,T3,R5,C ,192.2,150.7,2.92,11.46,153,28.4,1989,,,
9/19/1989,T3,R6,C ,183,108.3,0.23,9.57,85,21,1989,,,
9/19/1989,T4,R1,C ,77.4,157.3,-0.19,5.43,229,29.4,1989,,,
9/19/1989,T4,R2,C ,111.4,,,,,,1989,,,
9/19/1989,T4,R3,C ,105.7,119.2,0.25,7.96,147,24.7,1989,,,
9/19/1989,T4,R4,C ,70.1,114.4,5.72,11.67,159,25.5,1989,,,
9/19/1989,T4,R5,C ,163.5,146.4,8.99,34.55,162,56.5,1989,,,
9/19/1989,T4,R6,C ,54.1,213.9,5.66,13.7,340,40.3,1989,,,
9/19/1989,T5,R1,C ,77.5,126.2,3.09,6.67,175,22.8,1989,,,
9/19/1989,T5,R2,C ,72.9,79.9,4.98,5.04,97,12.4,1989,,,
9/19/1989,T5,R3,C ,112.2,,,,,,1989,,,
9/19/1989,T5,R4,C ,287.5,,,,,,1989,,,
9/19/1989,T5,R5,C ,31.3,117.8,0.91,7.55,186,26.4,1989,,,
9/19/1989,T5,R6,C ,113.6,118.9,6.4,12.41,142,25.8,1989,,,
9/19/1989,T6,R1,C ,142.4,162.8,3.27,9.61,202,29.8,1989,,,
9/19/1989,T6,R2,C ,162.6,182.6,2.67,10.47,225,33.6,1989,,,
9/19/1989,T6,R3,C ,83.8,85.6,1.79,4.73,101,14.8,1989,,,
9/19/1989,T6,R4,C ,135.5,73.4,,,51,,1989,,,
9/19/1989,T6,R5,C ,48.8,137.3,2.88,8.25,210,27.1,1989,,,
9/19/1989,T6,R6,C ,93.1,84.7,4.77,6.23,94,14.3,1989,,,
9/19/1989,T7,R1,C ,105.4,124.5,4.61,7.86,156,22,1989,,,
9/19/1989,T7,R2,C ,98.7,140.9,1.26,8.62,189,28.6,1989,,,
9/19/1989,T7,R3,C ,102.2,142.2,1.38,10.47,189,31,1989,,,
9/19/1989,T7,R4,C ,37.7,268.3,2.59,8.64,443,45.8,1989,,,
9/19/1989,T7,R5,C ,69.8,106.4,4.92,27.3,145,46.5,1989,,,
9/19/1989,T7,R6,C ,179.7,236,2.12,9.07,308,39.8,1989,,,
9/19/1989,T8,R1,C ,170.1,299.4,-0.04,22.53,423,71,1989,,,
9/19/1989,T8,R2,C ,230.8,288.8,-1.23,13.77,370,55,1989,,,
9/19/1989,T8,R3,C ,134.6,265.6,1.23,18.64,384,60.6,1989,,,
9/19/1989,T8,R4,C ,163.5,278,1.26,,389,,1989,,,
11/11/1989,T1,R1,C ,73.7,87.2,-0.66,3.09,110,15.1,1989,,,
11/11/1989,T1,R2,C ,75.2,100.8,-2.2,3.33,132,19,1989,,,
11/11/1989,T1,R3,C ,34.6,102.3,1.28,6.67,158,22.2,1989,,,
11/11/1989,T1,R4,C ,84.2,103.8,4.55,7.2,132,18.8,1989,,,
11/11/1989,T1,R5,C ,41.4,197,3.11,1.48,318,25.4,1989,,,
11/11/1989,T1,R6,C ,114.3,150.4,6.42,7.26,196,23.2,1989,,,
11/11/1989,T2,R1,C ,73.7,112.8,,,154,,1989,,,
11/11/1989,T2,R2,C ,25.6,117.3,3.93,6.19,189,18,1989,,,
11/11/1989,T2,R3,C ,118.8,72.2,2.94,3.37,58,8.5,1989,,,
11/11/1989,T2,R4,C ,130.1,,,,,,1989,,,
11/11/1989,T2,R5,C ,124.8,175.9,,,235,,1989,,,
11/11/1989,T2,R6,C ,102.3,123.3,,,156,,1989,,,
11/11/1989,T3,R1,C ,69.2,133.8,,,193,,1989,,,
11/11/1989,T3,R2,C ,185,183.5,-1.17,3.56,214,26,1989,,,
11/11/1989,T3,R3,C ,153.4,,,,,,1989,,,
11/11/1989,T3,R4,C ,126.3,,,,,,1989,,,
11/11/1989,T3,R5,C ,197,,,,,,1989,,,
11/11/1989,T3,R6,C ,,129.3,3.54,6.71,224,,1989,,,
11/11/1989,T4,R1,C ,183.5,,,,,,1989,,,
11/11/1989,T4,R2,C ,162.4,,,,,,1989,,,
11/11/1989,T4,R3,C ,70.7,81.2,-0.93,,101,,1989,,,
11/11/1989,T4,R4,C ,60.2,67.7,,,83,,1989,,,
11/11/1989,T4,R5,C ,81.2,85.7,,,103,,1989,,,
11/11/1989,T4,R6,C ,75.2,94.7,,,122,,1989,,,
11/11/1989,T5,R1,C ,129.3,123.3,5.86,12.12,141,25.9,1989,,,
11/11/1989,T5,R2,C ,108.3,139.1,,,180,,1989,,,
11/11/1989,T5,R3,C ,127.8,165.4,,,215,,1989,,,
11/11/1989,T5,R4,C ,75.2,147.4,1.23,14.53,213,38.7,1989,,,
11/11/1989,T5,R5,C ,18,172.9,,,289,,1989,,,
11/11/1989,T5,R6,C ,127.8,141.4,1.34,9.44,173,28.3,1989,,,
11/11/1989,T6,R1,C ,93.2,102.3,4.71,10.37,125,22.5,1989,,,
11/11/1989,T6,R2,C ,69.2,145.9,,,214,,1989,,,
11/11/1989,T6,R3,C ,15,160.9,,,270,,1989,,,
11/11/1989,T6,R4,C ,90.2,115.8,3.19,9.22,150,24.2,1989,,,
11/11/1989,T6,R5,C ,115.8,93.2,0.62,,96,,1989,,,
4/24/1990,T1,R1,C ,248.5,258,5.48,12.3,307,42,1990,,,
4/24/1990,T1,R2,C ,,,,,,,1990,,,
4/24/1990,T1,R3,C ,248.7,258.1,13.28,21.04,307,48.3,1990,,,
4/24/1990,T1,R4,C ,200,263.1,,,343,,1990,,,
4/24/1990,T1,R5,C ,152.3,260,9.98,32,365,68.4,1990,,,
4/24/1990,T1,R6,C ,201.5,159.8,26.12,12.35,164,16,1990,,,
4/24/1990,T2,R1,C ,109.3,122,4.99,7.21,150,20.3,1990,,,
4/24/1990,T2,R2,C ,116.6,141,4.49,10.77,179,28.1,1990,,,
4/24/1990,T2,R3,C ,203.3,174.9,3.7,13.38,189,33.8,1990,,,
4/24/1990,T2,R4,C ,200,145.1,-4.05,,139,,1990,,,
4/24/1990,T2,R5,C ,199.6,193.7,12.99,14.81,223,32.4,1990,,,
4/24/1990,T2,R6,C ,81.7,98.3,9.53,6.42,124,13,1990,,,
4/24/1990,T3,R1,C ,169,192.9,8.69,16.49,239,38.6,1990,,,
4/24/1990,T3,R2,C ,83,205,3.36,13.73,308,43.7,1990,,,
4/24/1990,T3,R3,C ,152.3,206.8,1.58,14.67,273,44.6,1990,,,
4/24/1990,T3,R4,C ,134.9,210,4.25,17.19,288,46.8,1990,,,
4/24/1990,T3,R5,C ,91.1,250.4,17.93,20.59,382,39.3,1990,,,
4/24/1990,T3,R6,C ,80.9,110.4,10.96,20.49,146,32.4,1990,,,
4/24/1990,T4,R1,C ,100,117.9,3.9,11.75,148,27.1,1990,,,
4/24/1990,T4,R2,C ,161.4,202.8,11.31,18.52,261,40.8,1990,,,
4/24/1990,T4,R3,C ,148,183.5,9.58,13.48,235,33,1990,,,
4/24/1990,T4,R4,C ,166,189.1,8.25,14.62,234,35.9,1990,,,
4/24/1990,T4,R5,C ,165.2,180,7.46,15.6,219,36.5,1990,,,
4/24/1990,T4,R6,C ,117.4,183.2,8.74,,251,,1990,,,
4/24/1990,T5,R1,C ,188.8,200,12,22.91,240,45.3,1990,,,
4/24/1990,T5,R2,C ,180,112,3.31,14.62,93,26.9,1990,,,
4/24/1990,T5,R3,C ,183.7,175.4,9.98,23.31,201,44,1990,,,
4/24/1990,T5,R4,C ,183.5,184,,14.02,216,,1990,,,
4/24/1990,T5,R5,C ,33.8,149.6,1.53,6.62,240,28.7,1990,,,
4/24/1990,T5,R6,C ,211.4,432.8,6.72,87.31,630,171.5,1990,,,
4/24/1990,T6,R1,C ,243.4,227.5,14.52,28.89,257,53.9,1990,,,
4/24/1990,T6,R2,C ,491.9,239.9,24.79,24.44,140,34.1,1990,,,
4/24/1990,T6,R3,C ,39.2,96.7,3.36,6.02,145,17.7,1990,,,
4/24/1990,T6,R4,C ,150,187.8,8.3,19.11,241,42.2,1990,,,
4/24/1990,T6,R5,C ,144.3,162.8,7.06,15.51,201,34.9,1990,,,
4/24/1990,T6,R6,C ,108.8,137,5.23,15.26,176,33.3,1990,,,
4/24/1990,T7,R1,C ,161.7,174.3,5.43,18.62,211,41.4,1990,,,
4/24/1990,T7,R2,C ,264.9,162.8,38.67,14.42,133,10.8,1990,,,
4/24/1990,T7,R3,C ,182.9,187,5.78,12.89,221,34.4,1990,,,
4/24/1990,T7,R4,C ,104.8,144,4.64,15.21,190,34.9,1990,,,
4/24/1990,T7,R5,C ,218.9,194.5,7.36,15.8,214,37,1990,,,
4/24/1990,T7,R6,C ,88.1,244.2,4.3,15.01,373,49.9,1990,,,
4/24/1990,T8,R1,C ,231,350,6.52,,476,,1990,,,
4/24/1990,T8,R2,C ,300,357.5,3.41,42.47,451,98.1,1990,,,
4/24/1990,T8,R3,C ,365.3,320.5,7.9,,350,,1990,,,
4/24/1990,T8,R4,C ,317.2,328,4.99,62.57,390,118.8,1990,,,
5/30/1990,T1,R1,C ,149.3,121.4,2.18,5.72,126,18.4,1990,,,
5/30/1990,T1,R2,C ,107.7,144.8,6.71,,190,,1990,,,
5/30/1990,T1,R3,C ,105.3,133.6,,,172,,1990,,,
5/30/1990,T1,R4,C ,158.5,188.3,6.83,22.88,237,48.4,1990,,,
5/30/1990,T1,R5,C ,97.8,113.2,-0.41,6.87,141,23.1,1990,,,
5/30/1990,T1,R6,C ,154.1,216.6,9.14,48.11,288,85.1,1990,,,
5/30/1990,T2,R1,C ,137.3,157.6,2.92,11.15,196,31.6,1990,,,
5/30/1990,T2,R2,C ,183.7,127.7,3.87,13.09,118,26.8,1990,,,
5/30/1990,T2,R3,C ,129.6,112.9,2.96,10.74,123,24.4,1990,,,
5/30/1990,T2,R4,C ,179.8,136.8,10,30.21,136,48,1990,,,
5/30/1990,T2,R5,C ,177.5,154.1,15.51,22.1,167,35.8,1990,,,
5/30/1990,T2,R6,C ,85.9,91.9,1.89,25.84,111,44.4,1990,,,
5/30/1990,T3,R1,C ,210.6,146.5,-9.96,-1.73,135,16.4,1990,,,
5/30/1990,T3,R2,C ,191.9,140.3,3.54,18.4,135,35.8,1990,,,
5/30/1990,T3,R3,C ,209.6,203.2,9.79,15.06,234,36,1990,,,
5/30/1990,T3,R4,C ,131,194.1,7.53,45.19,262,79.8,1990,,,
5/30/1990,T3,R5,C ,216.5,160,32.1,25.19,156,29.7,1990,,,
5/30/1990,T3,R6,C ,126.3,189.8,13.13,6.54,258,21.5,1990,,,
5/30/1990,T4,R1,C ,71.1,171.4,-23.83,-11.77,257,38.5,1990,,,
5/30/1990,T4,R2,C ,155.2,172.3,5.39,9.42,211,28.9,1990,,,
5/30/1990,T4,R3,C ,54.4,181.3,4.98,15.8,283,40.3,1990,,,
5/30/1990,T4,R4,C ,205.1,149,2.51,32.14,143,55.9,1990,,,
5/30/1990,T4,R5,C ,163.5,183.5,-10.91,,226,,1990,,,
5/30/1990,T4,R6,C ,157.8,134.1,1.36,16.95,144,35.9,1990,,,
5/30/1990,T5,R1,C ,375.4,210.3,25.76,16.87,154,23.8,1990,,,
5/30/1990,T5,R2,C ,68.3,92.4,-16.09,-12.96,122,7.5,1990,,,
5/30/1990,T5,R3,C ,305.5,211,11.11,22.63,194,42.8,1990,,,
5/30/1990,T5,R4,C ,152.2,163.2,5.31,9.67,197,28,1990,,,
5/30/1990,T5,R5,C ,140.6,130.9,-21.15,-7.86,148,17.7,1990,,,
5/30/1990,T5,R6,C ,136.8,182.4,-20.04,-7.04,239,30,1990,,,
5/30/1990,T6,R1,C ,205.7,191.9,-5.27,-9.59,217,11.1,1990,,,
5/30/1990,T6,R2,C ,240.5,141.2,,,110,,1990,,,
5/30/1990,T6,R3,C ,215.9,186.9,,,202,,1990,,,
5/30/1990,T6,R4,C ,116.7,184.9,,,255,,1990,,,
5/30/1990,T6,R5,C ,157.9,181.8,,,226,,1990,,,
5/30/1990,T6,R6,C ,97.4,131.1,,,172,,1990,,,
5/30/1990,T7,R1,C ,113.8,127.8,,,157,,1990,,,
5/30/1990,T7,R2,C ,140.7,159.4,,,197,,1990,,,
5/30/1990,T7,R3,C ,191.2,165,,,178,,1990,,,
5/30/1990,T7,R4,C ,121.5,182.9,,,248,,1990,,,
5/30/1990,T7,R5,C ,288.9,205.4,,,194,,1990,,,
5/30/1990,T7,R6,C ,207.9,244.7,,,307,,1990,,,
5/30/1990,T8,R1,C ,409.2,328.1,,,338,,1990,,,
5/30/1990,T8,R2,C ,438.4,379.8,,,412,,1990,,,
5/30/1990,T8,R3,C ,530.6,436.8,,,458,,1990,,,
5/30/1990,T8,R4,C ,351.9,403.1,,,500,,1990,,,
6/18/1990,T1,R1,C ,170.2,133.4,1.23,7.78,136,22.7,1990,,,
6/18/1990,T1,R2,C ,155.7,184.8,5.42,18.55,233,43.2,1990,,,
6/18/1990,T1,R3,C ,163,178.2,-3.12,11.23,217,38.3,1990,,,
6/18/1990,T1,R4,C ,148.1,230.4,1.92,12.56,316,45.4,1990,,,
6/18/1990,T1,R5,C ,182.2,186.7,2.6,16,221,41,1990,,,
6/18/1990,T1,R6,C ,152.2,173.5,1.55,9.83,215,32.6,1990,,,
6/18/1990,T2,R1,C ,167.1,197.6,6.41,19,248,44.5,1990,,,
6/18/1990,T2,R2,C ,195.1,184,-1.26,8.18,209,31.9,1990,,,
6/18/1990,T2,R3,C ,133.8,171.9,-3.2,7.16,222,33.5,1990,,,
6/18/1990,T2,R4,C ,160.6,183,6.97,12.65,227,33.5,1990,,,
6/18/1990,T2,R5,C ,167.7,211,1.62,11.73,271,40.5,1990,,,
6/18/1990,T2,R6,C ,117.3,124.5,-4.09,-1.79,150,14.8,1990,,,
6/18/1990,T3,R1,C ,223.9,238.4,8.61,32.33,287,65.1,1990,,,
6/18/1990,T3,R2,C ,195.2,244,4.99,24.08,313,58.5,1990,,,
6/18/1990,T3,R3,C ,119.6,182.8,-8.88,19.22,249,58.1,1990,,,
6/18/1990,T3,R4,C ,92.5,184.1,7.12,29.8,267,58.2,1990,,,
6/18/1990,T3,R5,C ,158.5,166.1,-14.4,10.46,199,43.6,1990,,,
6/18/1990,T3,R6,C ,120,177.5,-2.95,21.25,240,54.4,1990,,,
6/18/1990,T4,R1,C ,103.6,119.8,11.29,27.07,149,42.4,1990,,,
6/18/1990,T4,R2,C ,203.4,203.6,-1.62,24.32,238,57,1990,,,
6/18/1990,T4,R3,C ,271,138.1,-5,22.39,87,41.4,1990,,,
6/18/1990,T4,R4,C ,154.5,155.1,5,25.05,182,47.9,1990,,,
6/18/1990,T4,R5,C ,109,151.9,12.46,31.63,202,51.6,1990,,,
6/18/1990,T4,R6,C ,173,177.9,-2.14,17.1,211,44.9,1990,,,
6/18/1990,T5,R1,C ,82.8,154.7,-4.73,15.1,221,46.6,1990,,,
6/18/1990,T5,R2,C ,146.1,118.1,-8.51,11.76,123,33.1,1990,,,
6/18/1990,T5,R3,C ,184.6,205.1,-7.64,17.54,251,53.6,1990,,,
6/18/1990,T5,R4,C ,329.4,234.7,2.9,14.52,222,39.1,1990,,,
6/18/1990,T5,R5,C ,74.6,137.2,-0.11,12.32,196,35.5,1990,,,
6/18/1990,T5,R6,C ,90.1,148.5,3.41,19.77,207,43.3,1990,,,
6/18/1990,T6,R1,C ,92.3,188.8,4.4,19.73,275,48.1,1990,,,
6/18/1990,T6,R2,C ,208.4,207.8,6.87,30.6,243,60,1990,,,
6/18/1990,T6,R3,C ,106.9,127.1,-3.27,17.14,160,41.2,1990,,,
6/18/1990,T6,R4,C ,267.6,196.1,7.55,25.2,190,47.8,1990,,,
6/18/1990,T6,R5,C ,291.5,190.6,2.38,28.23,166,53,1990,,,
6/18/1990,T6,R6,C ,152.3,131.5,-1.55,24.69,142,48.2,1990,,,
6/18/1990,T7,R1,C ,127.3,136.3,6.49,14.76,165,31,1990,,,
6/18/1990,T7,R2,C ,142,102.2,4.71,15.74,97,27.9,1990,,,
6/18/1990,T7,R3,C ,116.2,194.3,3.51,19.78,271,49.3,1990,,,
6/18/1990,T7,R4,C ,75.6,206.8,9.49,19.87,315,43.8,1990,,,
6/18/1990,T7,R5,C ,276.4,193.9,5.19,18.64,181,39.5,1990,,,
6/18/1990,T7,R6,C ,245.3,164.7,3.1,16.64,148,35,1990,,,
6/18/1990,T8,R1,C ,433.3,528.3,7.24,19.73,671,84.9,1990,,,
6/18/1990,T8,R2,C ,508.5,540.6,10.87,19.86,650,80.9,1990,,,
6/18/1990,T8,R3,C ,392.3,620.8,7.63,20.55,854,102,1990,,,
6/18/1990,T8,R4,C ,407.6,476.7,9.28,20.81,596,77.9,1990,,,
7/19/1990,T1,R1,C ,119.7,106.6,4.97,10.03,117,21.5,1990,,,
7/19/1990,T1,R2,C ,122,135.7,7.95,7.02,166,19.4,1990,,,
7/19/1990,T1,R3,C ,125.5,151.7,7.23,8.02,192,23.5,1990,,,
7/19/1990,T1,R4,C ,113.1,132.2,8.37,8.68,165,21.1,1990,,,
7/19/1990,T1,R5,C ,126.3,156,13.09,19.98,199,35.7,1990,,,
7/19/1990,T1,R6,C ,25.2,141.9,4.9,11.85,231,25.7,1990,,,
7/19/1990,T2,R1,C ,151.1,152.9,8.41,13.57,180,29.6,1990,,,
7/19/1990,T2,R2,C ,120.8,137.3,9.13,10.92,170,24.1,1990,,,
7/19/1990,T2,R3,C ,155.1,182.1,10.15,10.34,228,27.9,1990,,,
7/19/1990,T2,R4,C ,108.4,166.7,10.26,18.44,228,37.3,1990,,,
7/19/1990,T2,R5,C ,123,143.2,8.38,12.53,179,27.6,1990,,,
7/19/1990,T2,R6,C ,122.3,157.5,10.42,19.32,204,37.2,1990,,,
7/19/1990,T3,R1,C ,114.5,139.3,10.34,3.89,177,13.9,1990,,,
7/19/1990,T3,R2,C ,162.2,159.8,20.84,25.58,186,37.9,1990,,,
7/19/1990,T3,R3,C ,178.7,191.5,9.07,17.18,231,38.7,1990,,,
7/19/1990,T3,R4,C ,135.5,165.7,6.26,4.82,211,21.6,1990,,,
7/19/1990,T3,R5,C ,132.9,147.9,7.12,19.39,181,38.3,1990,,,
7/19/1990,T3,R6,C ,113.1,130.7,11.33,12.22,163,23.4,1990,,,
7/19/1990,T4,R1,C ,126.2,141,-2.72,16.48,173,41,1990,,,
7/19/1990,T4,R2,C ,158.8,146.1,-5.25,20.74,164,47.4,1990,,,
7/19/1990,T4,R3,C ,161.3,165.5,-11,1.88,196,29.1,1990,,,
7/19/1990,T4,R4,C ,94.7,169.7,17.53,14.84,241,25.2,1990,,,
7/19/1990,T4,R5,C ,163.4,155.4,6.65,17.1,177,35.6,1990,,,
7/19/1990,T4,R6,C ,117.3,130.1,-5.32,16.59,159,41.8,1990,,,
7/19/1990,T5,R1,C ,102.1,132,3,13.94,171,32.8,1990,,,
7/19/1990,T5,R2,C ,79.4,122.5,-1.08,5.52,168,24.4,1990,,,
7/19/1990,T5,R3,C ,53.2,91.2,2.03,6.05,128,18.4,1990,,,
7/19/1990,T5,R4,C ,53.2,121.6,3.29,9.57,181,26.2,1990,,,
7/19/1990,T5,R5,C ,134.1,106.5,2.06,3.35,109,13.6,1990,,,
7/19/1990,T5,R6,C ,148,174.2,4.19,16.21,219,39.6,1990,,,
7/19/1990,T6,R1,C ,143.8,155.4,5.26,13.24,188,32.1,1990,,,
7/19/1990,T6,R2,C ,191,172.5,17.72,14.14,191,25.6,1990,,,
7/19/1990,T6,R3,C ,153.2,164.7,6.03,11.7,199,30.4,1990,,,
7/19/1990,T6,R4,C ,149.7,179.3,10.94,14.77,226,33,1990,,,
7/19/1990,T6,R5,C ,284.7,319.7,13.46,49.24,394,94.4,1990,,,
7/19/1990,T6,R6,C ,190.3,195.1,14.02,16.69,231,34.6,1990,,,
7/19/1990,T7,R1,C ,142.8,126,0.76,5.2,138,19.7,1990,,,
7/19/1990,T7,R2,C ,181.2,196.4,2.96,,238,,1990,,,
7/19/1990,T7,R3,C ,210.4,260.1,0.84,,332,,1990,,,
7/19/1990,T7,R4,C ,239,176.1,1.97,10.53,171,29.4,1990,,,
7/19/1990,T7,R5,C ,185.3,192.9,-0.96,9.37,230,35.3,1990,,,
7/19/1990,T7,R6,C ,251.9,256.7,11.71,21.14,303,49.2,1990,,,
7/19/1990,T8,R1,C ,331.2,421,-0.09,33.06,543,96.8,1990,,,
7/19/1990,T8,R2,C ,287.9,460.2,-2.9,32.94,635,108,1990,,,
7/19/1990,T8,R3,C ,329.4,505.8,-2.1,28.67,691,106.7,1990,,,
7/19/1990,T8,R4,C ,332.2,482.1,0.41,33.2,648,106.5,1990,,,
8/18/1990,T1,R1,C ,110,90.5,0.61,9.67,95,21.8,1990,,,
8/18/1990,T1,R2,C ,40.3,145.3,4.72,20.63,229,41.7,1990,,,
8/18/1990,T1,R3,C ,126.6,140.9,8.33,43.42,173,69.4,1990,,,
8/18/1990,T1,R4,C ,98.9,201.7,6.83,18.91,294,46,1990,,,
8/18/1990,T1,R5,C ,172.4,122.8,2.28,12.76,116,27.1,1990,,,
8/18/1990,T1,R6,C ,107.4,148.8,15.02,25.94,197,41.2,1990,,,
8/18/1990,T2,R1,C ,165.3,176.5,1.76,18.34,213,44,1990,,,
8/18/1990,T2,R2,C ,99,125.2,4.19,15.11,161,32.5,1990,,,
8/18/1990,T2,R3,C ,156.5,198.8,0.43,13.45,256,42.3,1990,,,
8/18/1990,T2,R4,C ,106,140,7.58,19.93,183,38.2,1990,,,
8/18/1990,T2,R5,C ,140,189.9,,16.87,250,,1990,,,
8/18/1990,T2,R6,C ,146.5,216.5,4.27,27.18,293,61,1990,,,
8/18/1990,T3,R1,C ,115.2,116.2,9.75,20.44,137,33.9,1990,,,
8/18/1990,T3,R2,C ,143,237.4,10.01,24.95,331,55.7,1990,,,
8/18/1990,T3,R3,C ,136.7,159,3.94,22.72,199,46.8,1990,,,
8/18/1990,T3,R4,C ,183,141.4,14.07,32.44,142,49.1,1990,,,
8/18/1990,T3,R5,C ,102.8,137.6,13.19,30.35,180,47.4,1990,,,
8/18/1990,T3,R6,C ,89.1,95.3,,,115,,1990,,,
8/18/1990,T4,R1,C ,81.4,158.9,7.07,26.82,229,50.7,1990,,,
8/18/1990,T4,R2,C ,113.3,145.6,20.01,28.8,188,40.7,1990,,,
8/18/1990,T4,R3,C ,159.4,131.9,29.26,25.71,139,29.5,1990,,,
8/18/1990,T4,R4,C ,106.2,83.5,16.42,21.44,85,27.1,1990,,,
8/18/1990,T4,R5,C ,146.5,152.3,10.2,17.85,181,34.2,1990,,,
8/18/1990,T4,R6,C ,108.5,135.3,5.52,18.37,173,37.1,1990,,,
8/18/1990,T5,R1,C ,107.4,236.4,14.19,33.91,349,62.6,1990,,,
8/18/1990,T5,R2,C ,81.2,102.2,4.32,11.28,131,24.4,1990,,,
8/18/1990,T5,R3,C ,63.1,70.2,-1.05,6,86,17.2,1990,,,
8/18/1990,T5,R4,C ,84.1,92.8,7.61,15.22,113,25.8,1990,,,
8/18/1990,T5,R5,C ,99.8,186.4,1.6,21.31,267,52.7,1990,,,
8/18/1990,T5,R6,C ,28.6,234.4,5.92,24.85,390,49.9,1990,,,
8/18/1990,T6,R1,C ,85.5,98.1,0.09,10.68,122,26.1,1990,,,
8/18/1990,T6,R2,C ,90,148.1,25.52,18.2,206,19.8,1990,,,
8/18/1990,T6,R3,C ,85.1,103.3,4.85,15.06,131,29.2,1990,,,
8/18/1990,T6,R4,C ,97.9,170.2,7.56,17.98,240,39.7,1990,,,
8/18/1990,T6,R5,C ,91.9,203.8,7.73,46.55,301,82.9,1990,,,
8/18/1990,T6,R6,C ,101.7,165,7.53,5.91,229,22.6,1990,,,
8/18/1990,T7,R1,C ,92.7,125.6,2.52,13.78,165,32.4,1990,,,
8/18/1990,T7,R2,C ,103.5,150,,,202,,1990,,,
8/18/1990,T7,R3,C ,129.5,174.1,4.26,21.83,229,47.9,1990,,,
8/18/1990,T7,R4,C ,105.9,157.9,1.52,20.76,214,47.3,1990,,,
8/18/1990,T7,R5,C ,102.7,136.5,4.75,20.46,179,40.9,1990,,,
8/18/1990,T7,R6,C ,131.7,191.3,4.86,21.83,257,49.9,1990,,,
8/18/1990,T8,R1,C ,237.4,467.1,-0.7,44.55,675,125.7,1990,,,
8/18/1990,T8,R2,C ,227.9,336,-4.27,44.18,454,107.2,1990,,,
8/18/1990,T8,R3,C ,142.3,397.6,5.07,50.06,608,118.9,1990,,,
8/18/1990,T8,R4,C ,138.5,315.8,0.45,29.61,469,84.4,1990,,,
9/18/1990,T1,R1,C ,195.1,130.9,5.3,17.5,117,31.9,1990,,,
9/18/1990,T1,R2,C ,167.2,121.8,5.56,19.29,117,34.1,1990,,,
9/18/1990,T1,R3,C ,176.6,200.7,0.67,18.89,248,48.9,1990,,,
9/18/1990,T1,R4,C ,134.7,201.6,3.04,14.44,273,42.9,1990,,,
9/18/1990,T1,R5,C ,132.1,105.2,2.47,15.63,108,30,1990,,,
9/18/1990,T1,R6,C ,160.7,178.5,-1.94,9.14,219,34.7,1990,,,
9/18/1990,T2,R1,C ,148.3,211.1,0.83,16.64,282,48.8,1990,,,
9/18/1990,T2,R2,C ,95.8,169.7,1.91,16.25,240,43,1990,,,
9/18/1990,T2,R3,C ,162.8,108.9,,,97,,1990,,,
9/18/1990,T2,R4,C ,62.8,172.6,0.95,16.01,263,45.5,1990,,,
9/18/1990,T2,R5,C ,103.4,164,2.43,16.89,226,42.2,1990,,,
9/18/1990,T2,R6,C ,105.8,148.7,3.65,18.65,198,41.1,1990,,,
9/18/1990,T3,R1,C ,150,194.2,-0.52,16.98,252,47.6,1990,,,
9/18/1990,T3,R2,C ,145.7,196.7,-1.66,10.13,259,39.8,1990,,,
9/18/1990,T3,R3,C ,142.6,191.8,1.52,23.74,252,55.1,1990,,,
9/18/1990,T3,R4,C ,157.7,218.5,1.14,17.19,290,50,1990,,,
9/18/1990,T3,R5,C ,149.3,204.7,0.64,14.02,271,44.3,1990,,,
9/18/1990,T3,R6,C ,170,284.6,5.74,20.88,397,60.6,1990,,,
9/18/1990,T4,R1,C ,151.2,211.5,2.89,18.03,281,48.8,1990,,,
9/18/1990,T4,R2,C ,175.7,173.7,1.38,21.96,202,48.2,1990,,,
9/18/1990,T4,R3,C ,168.6,168.3,4.3,20.85,197,44.1,1990,,,
9/18/1990,T4,R4,C ,149.3,155.6,5.07,23.4,186,45.9,1990,,,
9/18/1990,T4,R5,C ,170.5,206.9,4.99,10.31,263,35,1990,,,
9/18/1990,T4,R6,C ,143.3,213.9,3.68,11.52,290,39.9,1990,,,
9/18/1990,T5,R1,C ,158.4,173.4,-2.6,11.94,211,38.3,1990,,,
9/18/1990,T5,R2,C ,144.2,190.7,1.29,11.78,249,38.7,1990,,,
9/18/1990,T5,R3,C ,133.4,217.1,1.39,11.48,301,42.9,1990,,,
9/18/1990,T5,R4,C ,146.3,171.7,2.18,11.95,215,35.1,1990,,,
9/18/1990,T5,R5,C ,118.7,154,1.31,9.23,200,30.5,1990,,,
9/18/1990,T5,R6,C ,142.4,154.9,2.7,20.91,188,44.4,1990,,,
9/18/1990,T6,R1,C ,135.6,196.6,7.15,27.6,264,56.4,1990,,,
9/18/1990,T6,R2,C ,157.2,187.2,7.63,27.79,236,54.3,1990,,,
9/18/1990,T6,R3,C ,152.3,288.8,9.06,30.99,414,72,1990,,,
9/18/1990,T6,R4,C ,145.9,203.9,2.92,18.66,271,48.7,1990,,,
9/18/1990,T6,R5,C ,161.9,207,,,268,,1990,,,
9/18/1990,T6,R6,C ,238.2,182.1,7.33,17.42,182,36.5,1990,,,
9/18/1990,T7,R1,C ,148.6,293.6,2.17,11.77,425,54,1990,,,
9/18/1990,T7,R2,C ,124.4,200.4,6.85,21.58,277,49.3,1990,,,
9/18/1990,T7,R3,C ,200.8,227.3,1.53,21.27,281,54.5,1990,,,
9/18/1990,T7,R4,C ,108.4,234.6,,16.86,345,,1990,,,
9/18/1990,T7,R5,C ,174.4,357,2.83,21.58,520,75.7,1990,,,
9/18/1990,T7,R6,C ,219.9,215.3,2.87,21.92,249,51.6,1990,,,
9/18/1990,T8,R1,C ,238.2,254.6,3.31,36.27,307,76.2,1990,,,
9/18/1990,T8,R2,C ,225.4,232,20.19,37.47,275,62.7,1990,,,
9/18/1990,T8,R3,C ,280,281.9,1.66,75.04,331,132.7,1990,,,
9/18/1990,T8,R4,C ,243.3,282.3,1.67,43.22,352,91.2,1990,,,
10/23/1990,T1,R1,C ,118.4,109.6,3.39,19.8,123,36.4,1990,,,
10/23/1990,T1,R2,C ,155.9,133.5,5.85,10.69,144,24.4,1990,,,
10/23/1990,T1,R3,C ,137.6,141.1,,,167,,1990,,,
10/23/1990,T1,R4,C ,117.2,152.6,3.88,10.63,199,30.1,1990,,,
10/23/1990,T1,R5,C ,165.9,182.3,2.68,19.52,223,45.8,1990,,,
10/23/1990,T1,R6,C ,126.7,138.4,4.02,11.78,169,29.1,1990,,,
10/23/1990,T2,R1,C ,137.1,149.6,4.96,28.04,182,51.9,1990,,,
10/23/1990,T2,R2,C ,80.7,115.2,1.4,15.42,154,34.5,1990,,,
10/23/1990,T2,R3,C ,111.8,144.1,4.25,17.71,187,38.4,1990,,,
10/23/1990,T2,R4,C ,112.9,130,-0.72,12.46,162,32.9,1990,,,
10/23/1990,T2,R5,C ,103.4,123.8,3.39,14.26,156,31.6,1990,,,
10/23/1990,T2,R6,C ,117.8,189.5,4.67,9.38,262,33.2,1990,,,
10/23/1990,T3,R1,C ,96.1,157.7,2.55,29.21,219,58.2,1990,,,
10/23/1990,T3,R2,C ,116.8,146.8,-2.56,7.24,189,29.9,1990,,,
10/23/1990,T3,R3,C ,141.7,173.4,6.23,19.18,221,42.2,1990,,,
10/23/1990,T3,R4,C ,113.7,160.8,3.06,16.33,215,40,1990,,,
10/23/1990,T3,R5,C ,116.4,188.4,-2.98,4.63,261,33.9,1990,,,
10/23/1990,T3,R6,C ,122.9,149,5.57,12.5,189,30.6,1990,,,
10/23/1990,T4,R1,C ,126.6,135.2,4.92,23.59,163,44.1,1990,,,
10/23/1990,T4,R2,C ,72,180.9,7.62,15.9,273,37.6,1990,,,
10/23/1990,T4,R3,C ,150.8,167.8,4.95,12.38,206,32.7,1990,,,
10/23/1990,T4,R4,C ,140,155.5,3.93,16.81,191,38.1,1990,,,
10/23/1990,T4,R5,C ,113.1,139,3.24,13.01,177,32,1990,,,
10/23/1990,T4,R6,C ,126.1,144.6,6.16,17.9,180,36.8,1990,,,
10/23/1990,T5,R1,C ,101.8,120.1,1.33,12.57,151,30.4,1990,,,
10/23/1990,T5,R2,C ,102.5,127.1,1.11,5.57,162,22.1,1990,,,
10/23/1990,T5,R3,C ,71.2,132.7,0,6.6,190,27,1990,,,
10/23/1990,T5,R4,C ,129.5,136.2,3.18,17.37,163,36.9,1990,,,
10/23/1990,T5,R5,C ,114.3,149.7,3.2,5.65,195,23.6,1990,,,
10/23/1990,T5,R6,C ,203.7,299.9,64.28,26.83,405,17.4,1990,,,
10/23/1990,T6,R1,C ,135.1,147.7,4.39,17.68,180,37.9,1990,,,
10/23/1990,T6,R2,C ,124.1,161.8,10.03,16.1,210,33.6,1990,,,
10/23/1990,T6,R3,C ,199.5,154.4,4.23,17.68,155,36.3,1990,,,
10/23/1990,T6,R4,C ,145.5,157.3,8,17.45,191,36,1990,,,
10/23/1990,T6,R5,C ,129.5,184.3,-9.9,1.17,246,33.7,1990,,,
10/23/1990,T6,R6,C ,146.1,176.8,12.58,22.03,224,41.4,1990,,,
10/23/1990,T7,R1,C ,124.1,152.9,2.85,11.74,195,32.3,1990,,,
10/23/1990,T7,R2,C ,147.6,100.1,3.32,35.92,91,55.7,1990,,,
10/23/1990,T7,R3,C ,172.4,205.5,-3.33,11.37,259,42.7,1990,,,
10/23/1990,T7,R4,C ,140.8,158.7,9.5,21.35,196,40.5,1990,,,
10/23/1990,T7,R5,C ,190.1,194.9,18.19,12.84,231,26.4,1990,,,
10/23/1990,T7,R6,C ,171.8,223.5,11.72,15.39,291,38.9,1990,,,
10/23/1990,T8,R1,C ,186.2,388.4,0.4,23.95,568,86.2,1990,,,
10/23/1990,T8,R2,C ,209.9,298.9,-0.74,25.91,400,74,1990,,,
10/23/1990,T8,R3,C ,257.4,346.4,1.08,29.49,455,82.6,1990,,,
10/23/1990,T8,R4,C ,183.1,268.3,0.79,31.39,362,76.5,1990,,,
8/12/1991,T1,R1,C ,33.6,93.1,7.19,20.47,142,31.3,1991,,,
8/12/1991,T1,R2,C ,30.8,118.2,22.45,13.35,187,-5.2,1991,,,
8/12/1991,T1,R3,C ,42.5,94.5,11.72,14.73,140,19.4,1991,,,
8/12/1991,T1,R4,C ,48.6,79.6,0.03,8.9,111,22.6,1991,,,
8/12/1991,T1,R5,C ,67.2,51.7,-2.27,7.01,52,15.9,1991,,,
8/12/1991,T1,R6,C ,48.4,89,15.94,26.97,127,32.2,1991,,,
8/12/1991,T2,R1,C ,55.3,71.2,2.37,9.12,92,19.3,1991,,,
8/12/1991,T2,R2,C ,54.7,103.1,15.49,16.73,148,20.4,1991,,,
8/12/1991,T2,R3,C ,58.1,153.5,1.24,12.16,233,37.1,1991,,,
8/12/1991,T2,R4,C ,47.8,123.7,1.64,11.54,187,31.3,1991,,,
8/12/1991,T2,R5,C ,67.5,161.4,9.99,20.2,242,37.9,1991,,,
8/12/1991,T2,R6,C ,46,144.4,2.92,8.98,224,29,1991,,,
8/12/1991,T3,R1,C ,37.8,116,0.77,9.11,180,28.3,1991,,,
8/12/1991,T3,R2,C ,89.6,131.7,2.42,10.28,178,28.7,1991,,,
8/12/1991,T3,R3,C ,39.9,107.8,0.97,10.9,164,29.1,1991,,,
8/12/1991,T3,R4,C ,38.1,113.7,0.71,8.99,175,27.9,1991,,,
8/12/1991,T3,R5,C ,40.8,112.3,0.57,15.43,172,36.5,1991,,,
8/12/1991,T3,R6,C ,39.9,144.2,2.58,9.08,227,29.5,1991,,,
8/12/1991,T4,R1,C ,116.1,154.6,8.86,14.24,203,31.2,1991,,,
8/12/1991,T4,R2,C ,63.8,294.9,3.41,15.89,474,59.5,1991,,,
8/12/1991,T4,R3,C ,42.3,127.9,2.99,16.61,198,36.9,1991,,,
8/12/1991,T4,R4,C ,168.4,139,5.41,11.92,146,26.7,1991,,,
8/12/1991,T4,R5,C ,71,263.4,3.65,11.69,416,49,1991,,,
8/12/1991,T4,R6,C ,54.6,134.4,1.92,13.17,202,34.7,1991,,,
8/12/1991,T5,R1,C ,71.7,121.1,-1.19,4.61,169,23.5,1991,,,
8/12/1991,T5,R2,C ,54.6,154.5,-0.85,3.97,237,29.1,1991,,,
8/12/1991,T5,R3,C ,49.1,79.3,-0.71,2.92,110,15.1,1991,,,
8/12/1991,T5,R4,C ,69.9,110.3,-1.58,5.89,152,23.9,1991,,,
8/12/1991,T5,R5,C ,48.2,113.8,-2.25,1.95,170,21.6,1991,,,
8/12/1991,T5,R6,C ,64.2,145.9,-1.3,7.9,216,32.9,1991,,,
8/12/1991,T6,R1,C ,39.3,146,-1.64,18.03,231,49.4,1991,,,
8/12/1991,T6,R2,C ,44.5,150.8,-1.87,5.29,236,32.7,1991,,,
8/12/1991,T6,R3,C ,22.9,45.3,-3.32,7.31,66,19.8,1991,,,
8/12/1991,T6,R4,C ,48.9,127.9,0.08,12.02,194,34.7,1991,,,
8/12/1991,T6,R5,C ,39.8,150.6,1.78,8.32,238,30.8,1991,,,
8/12/1991,T6,R6,C ,56,174,1.12,16.71,270,46.7,1991,,,
8/12/1991,T7,R1,C ,133,157,1.03,2.01,197,20.7,1991,,,
8/12/1991,T7,R2,C ,133.5,245.2,8.83,-1.25,350,22.3,1991,,,
8/12/1991,T7,R3,C ,92.1,120.3,1.41,9.57,157,26.8,1991,,,
8/12/1991,T7,R4,C ,113.9,129.8,3.43,17.45,161,36.5,1991,,,
8/12/1991,T7,R5,C ,42.6,95.3,0.26,8.79,141,25.1,1991,,,
8/12/1991,T7,R6,C ,132.2,202.9,1.17,22.78,277,56.3,1991,,,
8/12/1991,T8,R1,C ,61.5,151.6,0.06,17.27,228,45.1,1991,,,
8/12/1991,T8,R2,C ,81.4,177.5,1.33,25.54,262,58.1,1991,,,
8/12/1991,T8,R3,C ,118.6,214.3,17.16,46.25,304,74.4,1991,,,
8/12/1991,T8,R4,C ,119.7,292,-0.06,30.22,438,82.9,1991,,,
7/20/1993,CF,R1,S1,237.4,175.1,6.48,13.8,170,31.1,1993,,,
7/20/1993,CF,R1,S2,183.8,150,7.57,14.95,157,30.5,1993,,,
7/20/1993,CF,R1,S3,226.3,145.2,24.02,11.74,124,14.2,1993,,,
7/20/1993,CF,R1,S4,105.5,106.2,2.06,3.11,125,14.6,1993,,,
7/20/1993,CF,R1,S5,336.2,,,,,,1993,,,
7/20/1993,CF,R2,S1,239.1,186.6,5.41,22.47,189,45.3,1993,,,
7/20/1993,CF,R2,S2,231.5,172.4,6.92,16.29,169,34,1993,,,
7/20/1993,CF,R2,S3,252.2,198.2,17.15,11.61,202,24.3,1993,,,
7/20/1993,CF,R2,S4,147.9,293.9,6.25,18.42,426,58.7,1993,,,
7/20/1993,CF,R2,S5,160.1,172.9,0.57,-7.3,210,9.5,1993,,,
7/20/1993,CF,R3,S1,228,0.1,5.11,36.63,-128,36.2,1993,,,
7/20/1993,CF,R3,S2,137.5,332.7,3.26,10.61,499,57.7,1993,,,
7/20/1993,CF,R3,S3,162.5,182.2,6.08,18.15,224,41.5,1993,,,
7/20/1993,CF,R3,S4,151.9,120.5,3.64,13.24,123,27.5,1993,,,
7/20/1993,CF,R3,S5,119.6,,,,,,1993,,,
7/20/1993,DF,R1,S1,173.7,188,22.38,30.22,228,46.3,1993,,,
7/20/1993,DF,R1,S2,395,237.1,3.99,13.16,189,33.7,1993,,,
7/20/1993,DF,R1,S3,141.6,157.2,5.65,14.44,193,33.8,1993,,,
7/20/1993,DF,R1,S4,148.6,362.6,7.93,42.02,544,98.9,1993,,,
7/20/1993,DF,R1,S5,166.8,153.3,-6.62,19.38,172,47.3,1993,,,
7/20/1993,DF,R2,S1,,211.5,5.56,40.1,,,1993,,,
7/20/1993,DF,R2,S2,167.4,209.5,5.75,26.02,269,56.4,1993,,,
7/20/1993,DF,R2,S3,225.8,138.7,6.12,18.94,114,33.2,1993,,,
7/20/1993,DF,R2,S4,148.9,138.2,-6.49,15.83,156,40.8,1993,,,
7/20/1993,DF,R2,S5,147.2,187.8,4.61,38.27,243,71.5,1993,,,
7/20/1993,DF,R3,S1,138.3,159.7,20.75,21.6,199,32.4,1993,,,
7/20/1993,DF,R3,S2,303.3,178.3,8.3,28.05,139,46.9,1993,,,
7/20/1993,DF,R3,S3,101.6,,,,,,1993,,,
7/20/1993,DF,R3,S4,213.5,220.4,8.11,30.82,262,61.1,1993,,,
7/20/1993,DF,R3,S5,153.8,,,,,,1993,,,
7/20/1993,SF,R1,S1,136.9,214.2,2.72,15.28,294,46.2,1993,,,
7/20/1993,SF,R1,S2,253.8,226.9,6.96,21.08,251,47.9,1993,,,
7/20/1993,SF,R1,S3,128.3,196.3,5.88,14.44,268,39.7,1993,,,
7/20/1993,SF,R1,S4,164.6,174.7,3.06,9.47,210,30.6,1993,,,
7/20/1993,SF,R1,S5,156.6,186.2,2.8,13.1,235,38,1993,,,
7/20/1993,SF,R2,S1,158.2,135.2,0.42,4.52,145,19.7,1993,,,
7/20/1993,SF,R2,S2,161.4,162.1,2.31,14.18,190,35.8,1993,,,
7/20/1993,SF,R2,S3,124.1,228.5,0.73,9.59,326,43.3,1993,,,
7/20/1993,SF,R2,S4,134.2,145.1,2.21,12.26,176,31.8,1993,,,
7/20/1993,SF,R2,S5,125.3,241,1.06,7.19,347,41.6,1993,,,
7/20/1993,SF,R3,S1,161.1,261.4,3.03,16.65,362,54.2,1993,,,
7/20/1993,SF,R3,S2,181.9,194.6,5.27,17.93,235,42.9,1993,,,
7/20/1993,SF,R3,S3,163.7,155.8,0.25,9.98,178,30.3,1993,,,
7/20/1993,SF,R3,S4,213.6,210.9,1.14,8.45,245,34,1993,,,
7/20/1993,SF,R3,S5,77,156.2,2.65,2.72,227,22.3,1993,,,
7/20/1993,T1,R1,S1,42.8,87.6,1.35,0.48,128,11.3,1993,,,
7/20/1993,T1,R1,S2,,79.3,4.35,0.28,,,1993,,,
7/20/1993,T1,R1,S3,85.4,140.8,5.1,4.3,196,19.5,1993,,,
7/20/1993,T1,R1,S4,222.3,88,4.09,5.47,28,8.2,1993,,,
7/20/1993,T1,R1,S5,66.8,188.2,4.3,3,288,25.3,1993,,,
7/20/1993,T1,R2,S1,139.8,68,-0.19,4.6,39,10.1,1993,,,
7/20/1993,T1,R2,S2,120.4,76.1,3.69,10.11,64,17.8,1993,,,
7/20/1993,T1,R2,S3,65.4,165.2,4.89,3.85,249,22.5,1993,,,
7/20/1993,T1,R2,S4,127.5,219.6,13.55,16.67,309,38.6,1993,,,
7/20/1993,T1,R2,S5,97,160.7,7.98,5.11,224,20.5,1993,,,
7/20/1993,T1,R3,S1,52.9,94,11.13,17.31,133,24.9,1993,,,
7/20/1993,T1,R3,S2,115,186.7,17.99,16.16,259,29.4,1993,,,
7/20/1993,T1,R3,S3,117.7,131,4.57,17.59,161,35.8,1993,,,
7/20/1993,T1,R3,S4,53.2,110.5,23.14,26.53,161,25.2,1993,,,
7/20/1993,T1,R3,S5,85.7,146.5,7.88,14.42,206,31.4,1993,,,
7/20/1993,T1,R4,S1,102.7,171.2,5.24,12.95,239,35.3,1993,,,
7/20/1993,T1,R4,S2,57.9,130.2,8.22,15.34,193,29.4,1993,,,
7/20/1993,T1,R4,S3,78.2,93.2,3.97,11.5,117,23.7,1993,,,
7/20/1993,T1,R4,S4,93,101.1,16.62,15.12,123,19.9,1993,,,
7/20/1993,T1,R4,S5,55.7,172.5,3.66,1.37,267,21.6,1993,,,
7/20/1993,T1,R5,S1,70.6,81.8,2.15,5.36,102,15.3,1993,,,
7/20/1993,T1,R5,S2,111.6,79.3,13.09,11.05,75,14.4,1993,,,
7/20/1993,T1,R5,S3,,115,-6.17,-8.52,,,1993,,,
7/20/1993,T1,R5,S4,50.4,110.8,2.9,7.57,164,22.4,1993,,,
7/20/1993,T1,R5,S5,136.3,,,,,,1993,,,
7/20/1993,T1,R6,S1,53.4,107.2,3.66,7.46,156,20.9,1993,,,
7/20/1993,T1,R6,S2,82.7,,,,,,1993,,,
7/20/1993,T1,R6,S3,63.1,,,,,,1993,,,
7/20/1993,T1,R6,S4,70.7,241,6.63,9.24,377,37.4,1993,,,
7/20/1993,T1,R6,S5,107,118.5,2.85,7.44,145,21.8,1993,,,
7/20/1993,T2,R1,C ,110,133.5,-2.16,-1.2,169,16.2,1993,,,
7/20/1993,T2,R2,C ,260.6,183.4,6.97,8.65,171,23.9,1993,,,
7/20/1993,T2,R3,C ,73.4,75.6,6.24,8.21,90,15.2,1993,,,
7/20/1993,T2,R4,C ,85,141.3,12.37,2.47,197,10,1993,,,
7/20/1993,T2,R5,C ,98.3,193.6,1.33,8.24,280,36.4,1993,,,
7/20/1993,T2,R6,C ,79.7,202,10.38,4.53,305,21.5,1993,,,
7/20/1993,T3,R1,C ,153.6,99.8,11.41,17.1,87,25.1,1993,,,
7/20/1993,T3,R2,C ,114.9,124.9,6.66,22.2,152,39.8,1993,,,
7/20/1993,T3,R3,C ,197.9,115,6.2,11.08,88,20.1,1993,,,
7/20/1993,T3,R4,C ,138.7,351,11.68,11.4,530,50.5,1993,,,
7/20/1993,T3,R5,C ,128.7,157.9,0.32,2.82,201,22.7,1993,,,
7/20/1993,T3,R6,C ,105.3,127.5,5.27,11.27,162,26.5,1993,,,
7/20/1993,T4,R1,S1,,112.9,10.17,7,,,1993,,,
7/20/1993,T4,R1,S2,135.5,168.9,3.08,14.06,216,37.3,1993,,,
7/20/1993,T4,R1,S3,99.9,136,10.38,7.19,179,18,1993,,,
7/20/1993,T4,R1,S4,,273.4,10.45,7.81,,,1993,,,
7/20/1993,T4,R1,S5,102.1,120.4,5.99,13.42,151,28,1993,,,
7/20/1993,T4,R2,S1,176.8,219.1,6.6,7.92,280,32.1,1993,,,
7/20/1993,T4,R2,S2,124.9,316.9,7.93,11.86,478,51.2,1993,,,
7/20/1993,T4,R2,S3,158.6,160.3,11.41,15.13,189,30.4,1993,,,
7/20/1993,T4,R2,S4,114.6,261.9,8.31,21.82,389,56.6,1993,,,
7/20/1993,T4,R2,S5,230.9,148.3,9.43,20.53,127,34.8,1993,,,
7/20/1993,T4,R3,S1,88.6,120.3,3.7,6.63,159,21,1993,,,
7/20/1993,T4,R3,S2,115.5,163.6,19.98,12.38,218,20.2,1993,,,
7/20/1993,T4,R3,S3,85.5,133.1,10.46,12.16,182,24.2,1993,,,
7/20/1993,T4,R3,S4,109.7,148.2,-4.46,3.09,195,26.5,1993,,,
7/20/1993,T4,R3,S5,126.7,124.7,4.31,7.85,145,21.4,1993,,,
7/20/1993,T4,R4,S1,167.9,176.3,4.43,9.45,211,29.7,1993,,,
7/20/1993,T4,R4,S2,87.1,144.6,8.21,3.05,202,15.3,1993,,,
7/20/1993,T4,R4,S3,94.8,136.1,11.09,17.46,182,31.4,1993,,,
7/20/1993,T4,R4,S4,,142.6,2.68,13.33,,,1993,,,
7/20/1993,T4,R4,S5,107.7,234.2,40.41,7.66,345,-4.3,1993,,,
7/20/1993,T4,R5,S1,121.2,131.4,5.25,4.91,159,17.9,1993,,,
7/20/1993,T4,R5,S2,97.6,145.7,7.95,11.11,197,26.7,1993,,,
7/20/1993,T4,R5,S3,71.1,128.7,9.16,12.97,183,25.6,1993,,,
7/20/1993,T4,R5,S4,73.2,130.7,8.84,10.23,185,22.5,1993,,,
7/20/1993,T4,R5,S5,136.3,127.1,-2.6,16.24,144,37.6,1993,,,
7/20/1993,T4,R6,S1,95.5,121.8,1.02,7.97,157,25,1993,,,
7/20/1993,T4,R6,S2,69.5,118.6,5.32,8.95,166,22.7,1993,,,
7/20/1993,T4,R6,S3,65,121.1,7.28,11.88,173,25,1993,,,
7/20/1993,T4,R6,S4,55.8,188.8,14.01,11.88,295,21.1,1993,,,
7/20/1993,T4,R6,S5,31.6,324.8,8.41,7.48,544,25,1993,,,
7/20/1993,T5,R1,C ,164.8,122.2,4.5,9.15,119,21.1,1993,,,
7/20/1993,T5,R2,C ,91,126.1,0.76,7.59,167,25.6,1993,,,
7/20/1993,T5,R3,C ,124.5,113.1,0.31,5.2,126,18.9,1993,,,
7/20/1993,T5,R4,C ,118.9,184.8,2.46,6.39,253,30.5,1993,,,
7/20/1993,T5,R5,C ,131,92.7,0.92,5.06,87,14.6,1993,,,
7/20/1993,T5,R6,C ,150.3,162.8,5.24,13.78,198,33.7,1993,,,
7/20/1993,T6,R1,C ,99.8,117.4,2.11,7.4,147,22.4,1993,,,
7/20/1993,T6,R2,C ,116.7,121.5,12.11,14.41,145,24.6,1993,,,
7/20/1993,T6,R3,C ,141.8,150.6,9.52,14.87,181,30.5,1993,,,
7/20/1993,T6,R4,C ,72.6,124.9,7.59,9.48,175,22.1,1993,,,
7/20/1993,T6,R5,C ,,135.2,7.73,13.57,,,1993,,,
7/20/1993,T6,R6,C ,85.5,219.5,10.82,15.78,332,38.7,1993,,,
7/20/1993,T7,R1,S1,147.5,175.8,1.82,6.95,222,29.1,1993,,,
7/20/1993,T7,R1,S2,148.7,127.4,0.8,3.93,137,17.9,1993,,,
7/20/1993,T7,R1,S3,167.1,165.5,3.65,10.69,193,30.3,1993,,,
7/20/1993,T7,R1,S4,137.3,185.1,2.88,2.94,243,24.7,1993,,,
7/20/1993,T7,R1,S5,122.3,124.5,2.99,2.95,147,15.8,1993,,,
7/20/1993,T7,R2,S1,180.5,116.6,5.54,9.83,101,19.8,1993,,,
7/20/1993,T7,R2,S2,170.3,122.6,3.99,14.94,117,29.1,1993,,,
7/20/1993,T7,R2,S3,279.1,220.4,7.67,27.21,225,53.7,1993,,,
7/20/1993,T7,R2,S4,304.6,183.7,3.85,17.12,147,35.2,1993,,,
7/20/1993,T7,R2,S5,180.2,171.3,3.39,5.02,195,23.1,1993,,,
7/20/1993,T7,R3,S1,165.4,262.2,4.39,12.73,361,47.5,1993,,,
7/20/1993,T7,R3,S2,217.2,181.9,-0.89,24.98,193,53,1993,,,
7/20/1993,T7,R3,S3,235.8,126.5,3.02,13,87,24.4,1993,,,
7/20/1993,T7,R3,S4,164.5,150.2,4.21,13.28,168,31.2,1993,,,
7/20/1993,T7,R3,S5,68.8,138.9,3.48,12.88,202,32.9,1993,,,
7/20/1993,T7,R4,S1,121.2,146.3,4.81,11.3,185,29.2,1993,,,
7/20/1993,T7,R4,S2,111,83,2.66,12.03,81,22.5,1993,,,
7/20/1993,T7,R4,S3,171.2,123.5,9.04,8.98,118,18,1993,,,
7/20/1993,T7,R4,S4,147.2,179.6,1.36,14.45,228,40.3,1993,,,
7/20/1993,T7,R4,S5,,136.4,3.62,15.78,,,1993,,,
7/20/1993,T7,R5,S1,185.1,209.8,1.72,12.88,259,40.9,1993,,,
7/20/1993,T7,R5,S2,215,156.5,1.15,7.02,150,23.2,1993,,,
7/20/1993,T7,R5,S3,145.4,426.9,5.14,6.81,657,64.1,1993,,,
7/20/1993,T7,R5,S4,119,201.9,7.82,13.01,283,36.9,1993,,,
7/20/1993,T7,R5,S5,151.9,153.2,6.96,23.85,180,44.7,1993,,,
7/20/1993,T7,R6,S1,139.2,143.1,4.42,10.81,170,27.7,1993,,,
7/20/1993,T7,R6,S2,334.7,172.1,16.06,23.74,110,34.6,1993,,,
7/20/1993,T7,R6,S3,187.4,248.4,0.65,8.73,325,42.2,1993,,,
7/20/1993,T7,R6,S4,122.4,182.8,6,13.36,248,36.3,1993,,,
7/20/1993,T7,R6,S5,113.9,178.6,6.59,13.27,245,35.2,1993,,,
7/20/1993,T8,R1,C ,207.2,150.9,8.5,17.18,145,32.1,1993,,,
7/20/1993,T8,R2,C ,,223.2,25.69,36.3,,,1993,,,
7/20/1993,T8,R3,C ,215.7,214.2,-0.3,29.41,250,64.1,1993,,,
7/20/1993,T8,R4,C ,168.9,191.4,0.85,28.45,237,60.6,1993,,,
8/21/1995,CF,R1,C ,114.8,224,2.88,6.25,323,36.1,1995,,,
8/21/1995,CF,R2,C ,120.5,165.1,4.32,4.38,218,23,1995,,,
8/21/1995,CF,R3,C ,166.9,428.3,4.65,-0.03,648,55.3,1995,,,
8/21/1995,DF,R1,C ,131.2,249.2,5.1,-0.74,358,27.5,1995,,,
8/21/1995,DF,R2,C ,124.1,175.1,6.58,-8.26,233,5.2,1995,,,
8/21/1995,DF,R3,C ,88.2,196.7,7.37,-4.94,291,12.1,1995,,,
8/21/1995,SF,R1,C ,138.9,218.5,4,-0.84,300,23.6,1995,,,
8/21/1995,SF,R2,C ,93.7,128,0.12,10.2,169,29.9,1995,,,
8/21/1995,SF,R3,C ,161.1,199.3,1.1,10.59,255,37.7,1995,,,
8/21/1995,T1,R1,C ,121.5,100.2,-0.12,2.01,105,12.8,1995,,,
8/21/1995,T1,R2,C ,127.4,144.2,0.93,-0.65,178,15.3,1995,,,
8/21/1995,T1,R3,C ,133.4,153.1,3.85,-3,190,11,1995,,,
8/21/1995,T1,R4,C ,123.9,158,5.17,3.36,204,19.7,1995,,,
8/21/1995,T1,R5,C ,127.4,95.5,4.67,6.15,94,14.5,1995,,,
8/21/1995,T1,R6,C ,118.1,236.6,1.1,6.43,343,40.2,1995,,,
8/21/1995,T2,R1,C ,138.1,69.4,-0.85,12.06,43,21,1995,,,
8/21/1995,T2,R2,C ,142.7,103.8,-1.26,18.67,100,35.7,1995,,,
8/21/1995,T2,R3,C ,104.5,90.5,0.63,9.99,98,22.5,1995,,,
8/21/1995,T2,R4,C ,119.2,65.5,-1.73,0.22,47,5.6,1995,,,
8/21/1995,T2,R5,C ,104.5,40.6,1.44,1.74,12,2.8,1995,,,
8/21/1995,T2,R6,C ,121,266.2,2.45,1.64,393,36.6,1995,,,
8/21/1995,T3,R1,C ,140.5,98.5,3.79,3.26,92,10.9,1995,,,
8/21/1995,T3,R2,C ,152.3,268.6,5.21,1.86,379,33.3,1995,,,
8/21/1995,T3,R3,C ,152.7,113.1,4.79,4.21,110,13.3,1995,,,
8/21/1995,T3,R4,C ,138.7,203.1,3.08,5.63,274,30.9,1995,,,
8/21/1995,T3,R5,C ,94.9,188.5,1.99,3.66,273,28.7,1995,,,
8/21/1995,T3,R6,C ,124,163.4,3.48,5.51,213,24.9,1995,,,
8/21/1995,T4,R1,C ,44.5,21.1,3.54,4.58,12,5.6,1995,,,
8/21/1995,T4,R2,C ,80,197.2,5.19,4.73,296,27.9,1995,,,
8/21/1995,T4,R3,C ,72.2,113.8,4.5,4.96,156,17.4,1995,,,
8/21/1995,T4,R4,C ,68.1,209.2,4.26,5.16,324,31.3,1995,,,
8/21/1995,T4,R5,C ,102.2,125.5,6.69,8.38,160,21.3,1995,,,
8/21/1995,T4,R6,C ,89.1,67.8,6.28,4.8,67,9.1,1995,,,
8/21/1995,T5,R1,C ,143.8,247.6,-4.19,1,348,38.6,1995,,,
8/21/1995,T5,R2,C ,123.3,119,-0.48,11.72,137,29.3,1995,,,
8/21/1995,T5,R3,C ,105.8,105.5,0,18.66,123,37.2,1995,,,
8/21/1995,T5,R4,C ,82.6,177.5,0.36,18.58,261,49.7,1995,,,
8/21/1995,T5,R5,C ,103,94.2,-0.49,18.92,105,36.2,1995,,,
8/21/1995,T5,R6,C ,134.7,235.2,3.11,13.41,331,46.7,1995,,,
8/21/1995,T6,R1,C ,72.8,141.3,4.21,7.71,204,25.3,1995,,,
8/21/1995,T6,R2,C ,96.1,113,6.09,10.03,142,22.4,1995,,,
8/21/1995,T6,R3,C ,94.5,53.1,4.65,5.3,39,8.4,1995,,,
8/21/1995,T6,R4,C ,105.3,134.9,7.38,4.58,174,16.8,1995,,,
8/21/1995,T6,R5,C ,131.9,355.8,8.63,5.83,542,47.5,1995,,,
8/21/1995,T6,R6,C ,117.1,67.5,4.29,7.52,51,12.8,1995,,,
8/21/1995,T7,R1,C ,148.9,209.2,4.51,10.46,278,36.8,1995,,,
8/21/1995,T7,R2,C ,179.9,170.8,-0.19,9.58,195,31.7,1995,,,
8/21/1995,T7,R3,C ,153.7,149.8,5.11,7.73,173,23.4,1995,,,
8/21/1995,T7,R4,C ,161.5,313.5,1.33,5.76,452,49.3,1995,,,
8/21/1995,T7,R5,C ,153.1,88.1,2.35,14.55,67,24.9,1995,,,
8/21/1995,T7,R6,C ,163,177.5,0.68,13.66,216,38.7,1995,,,
8/21/1995,T8,R1,C ,155.5,347.6,3.9,16.27,514,66.4,1995,,,
8/21/1995,T8,R2,C ,175.8,224.6,3.18,11.31,290,40.4,1995,,,
8/21/1995,T8,R3,C ,172.2,237.6,4.13,11.89,315,42.6,1995,,,
8/21/1995,T8,R4,C ,155.8,364.4,1.45,12.13,543,66.3,1995,,,
5/7/1996,CF,R1,C ,149.6,207.1,,,275,,1996,,,
5/7/1996,CF,R2,C ,97.1,292,,,451,,1996,,,
5/7/1996,CF,R3,C ,179.8,197.3,,,241,,1996,,,
5/7/1996,DF,R1,C ,168.9,198.6,,,249,,1996,,,
5/7/1996,DF,R2,C ,290.4,207,,,195,,1996,,,
5/7/1996,DF,R3,C ,194.6,213.4,,,260,,1996,,,
5/7/1996,SF,R1,C ,150.4,199.2,,,260,,1996,,,
5/7/1996,SF,R2,C ,164,150.5,,,169,,1996,,,
5/7/1996,SF,R3,C ,176.1,189.3,,,229,,1996,,,
5/7/1996,T1,R1,C ,88.1,110.2,,,141,,1996,,,
5/7/1996,T1,R2,C ,88.5,190.8,,,281,,1996,,,
5/7/1996,T1,R3,C ,88.6,224.8,,,339,,1996,,,
5/7/1996,T1,R4,C ,70.4,82.9,,,104,,1996,,,
5/7/1996,T1,R5,C ,12.1,208.1,,,353,,1996,,,
5/7/1996,T1,R6,C ,109,172.2,,,237,,1996,,,
5/7/1996,T2,R1,C ,28.8,323.5,,,544,,1996,,,
5/7/1996,T2,R2,C ,116.1,137.1,,,172,,1996,,,
5/7/1996,T2,R3,C ,2,79.1,,,136,,1996,,,
5/7/1996,T2,R4,C ,-15.8,107.2,,,194,,1996,,,
5/7/1996,T2,R5,C ,116.6,194.9,,,272,,1996,,,
5/7/1996,T2,R6,C ,46.7,67.3,,,90,,1996,,,
5/7/1996,T3,R1,C ,121.4,169.7,,,226,,1996,,,
5/7/1996,T3,R2,C ,109.4,235.2,,,346,,1996,,,
5/7/1996,T3,R3,C ,-2,240,,,416,,1996,,,
5/7/1996,T3,R4,C ,152.8,278.6,,,396,,1996,,,
5/7/1996,T3,R5,C ,101.8,178.1,,,251,,1996,,,
5/7/1996,T3,R6,C ,24.7,110.7,,,178,,1996,,,
5/7/1996,T4,R1,C ,131.5,217.6,,,303,,1996,,,
5/7/1996,T4,R2,C ,74.4,139.1,,,199,,1996,,,
5/7/1996,T4,R3,C ,191.1,120,,,101,,1996,,,
5/7/1996,T4,R4,C ,167.7,258,,,352,,1996,,,
5/7/1996,T4,R5,C ,185.4,188.2,,,222,,1996,,,
5/7/1996,T4,R6,C ,109.5,188.2,,,264,,1996,,,
5/7/1996,T5,R1,C ,164.1,186.6,,,231,,1996,,,
5/7/1996,T5,R2,C ,136,137.6,,,162,,1996,,,
5/7/1996,T5,R3,C ,152.6,154.3,,,182,,1996,,,
5/7/1996,T5,R4,C ,103.9,139.1,,,183,,1996,,,
5/7/1996,T5,R5,C ,220.3,177.7,,,184,,1996,,,
5/7/1996,T5,R6,C ,165.3,243.3,,,328,,1996,,,
5/7/1996,T6,R1,C ,141.6,142.9,,,168,,1996,,,
5/7/1996,T6,R2,C ,21.5,163.9,,,271,,1996,,,
5/7/1996,T6,R3,C ,43.6,93.9,,,138,,1996,,,
5/7/1996,T6,R4,C ,41,155.4,,,246,,1996,,,
5/7/1996,T6,R5,C ,25.7,110.9,,,177,,1996,,,
5/7/1996,T6,R6,C ,24.2,87.2,,,137,,1996,,,
5/7/1996,T7,R1,C ,153.5,100.3,,,88,,1996,,,
5/7/1996,T7,R2,C ,168.3,202.7,,,257,,1996,,,
5/7/1996,T7,R3,C ,179.1,287.9,,,398,,1996,,,
5/7/1996,T7,R4,C ,185.4,270.2,,,364,,1996,,,
5/7/1996,T7,R5,C ,215.3,225.7,,,270,,1996,,,
5/7/1996,T7,R6,C ,212.9,220.2,,,262,,1996,,,
5/7/1996,T8,R1,C ,216.7,219.7,,,259,,1996,,,
5/7/1996,T8,R2,C ,168.4,421.1,,,634,,1996,,,
5/7/1996,T8,R3,C ,200,277.2,,,368,,1996,,,
5/7/1996,T8,R4,C ,365.4,353,,,406,,1996,,,
