# Soil Total Carbon and Nitrogen - Surface,,,,,,,,,,,,,,,
#,,,,,,,,,,,,,,,
# Original Data Source: http://lter.kbs.msu.edu/datatables/68,,,,,,,,,,,,,,,
# The newest version of the data http://lter.kbs.msu.edu/datatables/68.csv,,,,,,,,,,,,,,,
# Full EML Metadata: http://lter.kbs.msu.edu/datatables/27.eml,,,,,,,,,,,,,,,
# ,,,,,,,,,,,,,,,
# These Data are copyrighted and use in a publication requires permission,,,,,,,,,,,,,,,
# as detailed in our Terms of use:  http://lter.kbs.msu.edu/data/terms-of-use/,,,,,,,,,,,,,,,
# Use of the data constitutes acceptance of the terms.,,,,,,,,,,,,,,,
#,,,,,,,,,,,,,,,
#     VARIATE TABLE,,,,,,,,,,,,,,,
"# sample_date		date of sampling",,,,,,,,,,,,,,,
"# treatment		treatment",,,,,,,,,,,,,,,
"# replicate		replicate block",,,,,,,,,,,,,,,
"# n	number	number of analytical sample replicates",,,,,,,,,,,,,,,
"# mean_c	gramsPerHectograms	mean percent carbon",,,,,,,,,,,,,,,
"# sd_c	gramsPerHectograms	standard deviation percent carbon",,,,,,,,,,,,,,,
"# mean_n	gramsPerHectograms	mean percent nitrogen",,,,,,,,,,,,,,,
"# mean_cn	gramsPerHectograms	standard deviation percent nitrogen",,,,,,,,,,,,,,,
"# sd_n	dimensionless	undescribed",,,,,,,,,,,,,,,
"# sd_cn	gramsPerGram	ratio:  mean C divided by mean N",,,,,,,,,,,,,,,
"# year		year in which the date occurs",,,,,,,,,,,,,,,
#,,,,,,,,,,,,,,,
#,,,,,,,,,,,,,,,
#        DATA TABLE CORRECTIONS AND COMMENTS,,,,,,,,,,,,,,,
#,,,,,,,,,,,,,,,
#,,,number,gramsPerHectograms,gramsPerHectograms,gramsPerHectograms,gramsPerHectograms,dimensionless,gramsPerGram,,,,,,
sample_date,treatment,replicate,n,mean_c,sd_c,mean_n,mean_cn,sd_n,sd_cn,year,,,,,
4/4/2001,6,4,3,0.91,0,0.09,0,10.18,,2001,,10.11111111,,,
4/4/2001,6,5,3,0.97,0.07,0.1,0.01,10.1,,2001,,9.7,,,
4/4/2001,6,6,3,0.99,0.14,0.09,0.01,10.81,,2001,,11,,,
4/4/2001,7,1,3,0.82,0.03,0.08,0.01,10.02,,2001,,10.25,,,
4/4/2001,7,2,3,1.06,0.04,0.1,0,10.13,,2001,,10.6,,,
4/4/2001,7,3,3,0.96,0.04,0.09,0.01,10.15,,2001,,10.66666667,,,
4/4/2001,7,4,3,0.95,0,0.1,0,9.87,,2001,,9.5,,,
4/4/2001,7,5,3,1.09,0.04,0.1,0,10.43,,2001,,10.9,,,
4/4/2001,3,5,3,1.04,0.01,0.11,0,9.22,,2001,,9.454545455,,,
4/4/2001,3,4,3,0.9,0.03,0.1,0,8.89,,2001,,9,,,
4/4/2001,3,3,3,0.97,0.07,0.11,0.01,9.04,,2001,,8.818181818,,,
4/4/2001,3,2,3,0.83,0.05,0.09,0,9.52,,2001,,9.222222222,,,
4/4/2001,3,1,3,0.84,0.06,0.1,0,8.78,,2001,,8.4,,,
4/4/2001,2,6,3,0.93,0.03,0.1,0,9.28,,2001,,9.3,,,
4/4/2001,2,5,3,0.72,0.05,0.08,0,8.52,,2001,,9,,,
4/4/2001,2,4,3,1.05,0.01,0.12,0,8.98,,2001,,8.75,,,
4/4/2001,2,3,3,1.06,0.06,0.12,0.01,8.97,,2001,,8.833333333,,,
4/4/2001,2,2,3,0.69,0.07,0.08,0.01,8.19,,2001,,8.625,,,
4/4/2001,2,1,3,0.87,0.03,0.1,0,8.5,,2001,,8.7,,,
4/4/2001,1,6,3,0.59,0,0.07,0,7.89,,2001,,8.428571429,,,
4/4/2001,1,5,3,0.65,0.01,0.08,0,7.98,,2001,,8.125,,,
4/4/2001,1,4,3,0.82,0.03,0.1,0,8.45,,2001,,8.2,,,
4/4/2001,1,3,3,1.09,0.05,0.12,0,8.99,,2001,,9.083333333,,,
4/4/2001,1,2,3,0.83,0.03,0.1,0,8.52,,2001,,8.3,,,
4/4/2001,CF ,1,3,1.91,0.09,0.11,0,18.2,,2001,,17.36363636,,,
4/4/2001,CF ,2,3,1.35,0.04,0.09,0,14.28,,2001,,15,,,
4/4/2001,CF ,3,3,1.4,0.06,0.1,0,13.58,,2001,,14,,,
4/4/2001,DF ,1,3,1.82,0.04,0.13,0,13.63,,2001,,14,,,
4/4/2001,DF ,2,3,1.86,0.06,0.13,0,14.1,,2001,,14.30769231,,,
4/4/2001,DF ,3,3,1.42,0.01,0.11,0,12.81,,2001,,12.90909091,,,
4/4/2001,SF ,1,3,0.88,0.05,0.08,0,10.43,,2001,,11,,,
4/4/2001,SF ,2,3,0.94,0.03,0.08,0,11.5,,2001,,11.75,,,
4/4/2001,SF ,3,3,0.91,0.06,0.08,0.01,11,,2001,,11.375,,,
4/4/2001,7,6,3,1.16,0.12,0.11,0.01,10.62,,2001,,10.54545455,,,
4/4/2001,8,1,3,1.4,0.06,0.12,0,11.78,,2001,,11.66666667,,,
4/4/2001,8,2,3,1.47,0.04,0.12,0,12.03,,2001,,12.25,,,
4/4/2001,8,3,3,1.34,0.06,0.11,0,11.72,,2001,,12.18181818,,,
4/4/2001,8,4,3,1.41,0.13,0.12,0.01,11.48,,2001,,11.75,,,
4/4/2001,1,1,3,0.65,0.06,0.08,0,7.85,,2001,,8.125,,,
4/4/2001,3,6,3,1.1,0.13,0.12,0.01,9.59,,2001,,9.166666667,,,
4/4/2001,4,1,3,0.98,0.06,0.1,0,9.54,,2001,,9.8,,,
4/4/2001,4,2,3,0.96,0.04,0.1,0,9.22,,2001,,9.6,,,
4/4/2001,4,3,3,1.07,0.06,0.11,0.01,9.8,,2001,,9.727272727,,,
4/4/2001,4,4,3,1.14,0.11,0.12,0.01,9.82,,2001,,9.5,,,
4/4/2001,4,5,3,0.87,0,0.1,0,9.01,,2001,,8.7,,,
4/4/2001,4,6,3,0.84,0.02,0.09,0,9.1,,2001,,9.333333333,,,
4/4/2001,5,1,3,1.11,0.06,0.1,0,10.61,,2001,,11.1,,,
4/4/2001,5,2,3,0.84,0.06,0.08,0,10.3,,2001,,10.5,,,
4/4/2001,5,3,3,0.75,0.05,0.07,0,10.15,,2001,,10.71428571,,,
4/4/2001,5,4,3,0.83,0.05,0.08,0,10.25,,2001,,10.375,,,
4/4/2001,5,5,3,0.82,0,0.08,0,10.69,,2001,,10.25,,,
4/4/2001,5,6,3,1.39,0.02,0.12,0.01,11.45,,2001,,11.58333333,,,
4/4/2001,6,1,3,0.98,0.04,0.1,0,9.73,,2001,,9.8,,,
4/4/2001,6,2,3,0.82,0.01,0.08,0,9.78,,2001,,10.25,,,
4/4/2001,6,3,3,1.05,0.03,0.1,0,10.25,,2001,,10.5,,,
4/4/2000,6,3,3,1.03,0.04,0.12,0.01,8.66,,2000,,8.583333333,,,
4/4/2000,6,1,3,0.96,0.09,0.12,0.01,7.9,,2000,,8,,,
4/4/2000,6,0,1,0.95,,0.11,,8.35,,2000,,8.636363636,,,
4/4/2000,5,6,3,1.47,0.04,0.14,0,10.21,,2000,,10.5,,,
4/4/2000,5,5,3,1.03,0.08,0.11,0,9.6,,2000,,9.363636364,,,
4/4/2000,5,4,3,0.99,0.09,0.1,0.01,10.06,,2000,,9.9,,,
4/4/2000,5,3,3,0.72,0.01,0.08,0,8.91,,2000,,9,,,
4/4/2000,5,2,3,0.85,0.07,0.09,0.01,9.85,,2000,,9.444444444,,,
4/4/2000,1,1,3,0.68,0.06,0.07,0.03,10.08,,2000,,9.714285714,,,
4/4/2000,1,2,3,0.91,0.05,0.1,0.01,8.74,,2000,,9.1,,,
4/4/2000,1,3,3,1.12,0.01,0.12,0,9.01,,2000,,9.333333333,,,
4/4/2000,1,4,3,0.77,0.03,0.09,0,8.61,,2000,,8.555555556,,,
4/4/2000,1,5,3,0.8,0.06,0.09,0,8.66,,2000,,8.888888889,,,
4/4/2000,1,6,3,0.61,0.02,0.08,0,7.79,,2000,,7.625,,,
4/4/2000,2,1,3,0.91,0.08,0.11,0.01,8.47,,2000,,8.272727273,,,
4/4/2000,2,2,3,0.74,0.02,0.1,0,7.75,,2000,,7.4,,,
4/4/2000,2,3,3,1.09,0.01,0.12,0,9.2,,2000,,9.083333333,,,
4/4/2000,2,4,3,1.13,0.02,0.12,0,9.18,,2000,,9.416666667,,,
4/4/2000,2,5,3,0.76,0.03,0.09,0.01,8.2,,2000,,8.444444444,,,
4/4/2000,2,6,3,0.92,0.13,0.1,0.01,8.86,,2000,,9.2,,,
4/4/2000,3,1,3,0.83,0.05,0.09,0,8.87,,2000,,9.222222222,,,
4/4/2000,3,2,3,1.02,0.03,0.11,0,9.34,,2000,,9.272727273,,,
4/4/2000,3,3,3,0.93,0.03,0.11,0,8.85,,2000,,8.454545455,,,
4/4/2000,3,4,3,0.95,0.02,0.11,0,8.8,,2000,,8.636363636,,,
4/4/2000,3,5,3,1.11,0.06,0.12,0,9.15,,2000,,9.25,,,
4/4/2000,3,6,3,0.95,0.04,0.11,0.01,8.78,,2000,,8.636363636,,,
4/4/2000,4,1,3,1.03,0.09,0.12,0.01,8.73,,2000,,8.583333333,,,
4/4/2000,4,2,3,0.97,0.02,0.11,0,8.62,,2000,,8.818181818,,,
4/4/2000,4,3,3,1.05,0.03,0.11,0,9.3,,2000,,9.545454545,,,
4/4/2000,4,4,3,0.98,0.04,0.11,0,8.9,,2000,,8.909090909,,,
4/4/2000,4,5,3,0.88,0.05,0.1,0,8.72,,2000,,8.8,,,
4/4/2000,4,6,3,0.91,0.04,0.1,0,8.84,,2000,,9.1,,,
4/4/2000,5,1,3,1,0.05,0.1,0.01,9.89,,2000,,10,,,
4/4/2000,SF ,3,3,0.97,0.02,0.11,0.01,9,,2000,,8.818181818,,,
4/4/2000,SF ,2,3,1.02,0.04,0.1,0.01,9.91,,2000,,10.2,,,
4/4/2000,SF ,1,3,0.96,0.04,0.1,0,9.42,,2000,,9.6,,,
4/4/2000,DF ,3,3,2.6,0.24,0.19,0.01,13.87,,2000,,13.68421053,,,
4/4/2000,DF ,2,3,1.57,0.07,0.14,0.01,11.02,,2000,,11.21428571,,,
4/4/2000,DF ,1,3,1.47,0.04,0.13,0,11.22,,2000,,11.30769231,,,
4/4/2000,CF ,3,3,1.19,0.06,0.11,0,10.74,,2000,,10.81818182,,,
4/4/2000,CF ,2,3,1.59,0.16,0.12,0.02,13.4,,2000,,13.25,,,
4/4/2000,CF ,1,3,2.13,0.21,0.13,0.01,16.61,,2000,,16.38461538,,,
4/4/2000,8,4,3,1.39,0.02,0.14,0.01,10.02,,2000,,9.928571429,,,
4/4/2000,8,3,3,1.6,0.01,0.15,0,10.58,,2000,,10.66666667,,,
4/4/2000,8,2,3,1.23,0.02,0.13,0,9.37,,2000,,9.461538462,,,
4/4/2000,8,1,3,1.6,0.04,0.15,0,10.67,,2000,,10.66666667,,,
4/4/2000,7,6,3,1.23,0.08,0.14,0.01,9.02,,2000,,8.785714286,,,
4/4/2000,7,5,3,1.04,0.01,0.12,0.01,8.68,,2000,,8.666666667,,,
4/4/2000,7,4,3,1.11,0.02,0.12,0,9.3,,2000,,9.25,,,
4/4/2000,7,3,3,1.15,0.05,0.13,0.01,9.18,,2000,,8.846153846,,,
4/4/2000,7,2,3,1.16,0.02,0.13,0,8.89,,2000,,8.923076923,,,
4/4/2000,7,1,3,0.95,0.08,0.11,0.01,8.75,,2000,,8.636363636,,,
4/4/2000,6,6,2,1.05,0.07,0.12,0.01,8.92,,2000,,8.75,,,
4/4/2000,6,5,3,0.97,0.02,0.12,0,8.23,,2000,,8.083333333,,,
4/4/2000,6,4,3,1.05,0.05,0.12,0,8.64,,2000,,8.75,,,
4/4/2000,6,2,3,0.88,0.03,0.11,0,7.92,,2000,,8,,,
4/7/1999,8,3,3,1.3,0.02,0.11,0.00266,10.96,0.2,1999,,11.81818182,,,
4/7/1999,8,2,3,1.78,0.08,0.15,0.00366,11.5,0.27,1999,,11.86666667,,,
4/7/1999,5,6,3,1.21,0.05,0.1,0.00608,11.23,0.13,1999,,12.1,,,
4/7/1999,5,5,3,1.14,0.08,0.09,0.00295,12.54,0.61,1999,,12.66666667,,,
4/7/1999,5,4,3,0.82,0.11,0.07,0.00589,11.05,0.74,1999,,11.71428571,,,
4/7/1999,5,3,3,0.79,0.05,0.07,0.00178,11.22,0.68,1999,,11.28571429,,,
4/7/1999,4,4,2,1,0.09,0.09,0.00697,10.21,0.21,1999,,11.11111111,,,
4/7/1999,3,2,2,0.83,0.05,0.08,0.00181,9.74,0.8,1999,,10.375,,,
4/7/1999,5,2,3,0.77,0.05,0.07,0.0038,11.12,0.23,1999,,11,,,
4/7/1999,5,1,3,1.08,0.1,0.09,0.00772,11.04,0.16,1999,,12,,,
4/7/1999,4,6,3,0.92,0.03,0.09,0.00323,10.08,0.08,1999,,10.22222222,,,
4/7/1999,4,5,3,0.8,0.05,0.08,0.00361,9.71,0.19,1999,,10,,,
4/7/1999,4,3,3,0.99,0.13,0.09,0.01,10.32,0.36,1999,,11,,,
4/7/1999,4,2,3,0.95,0.07,0.09,0.00583,10.23,0.14,1999,,10.55555556,,,
4/7/1999,4,1,3,0.89,0.03,0.08,0.00533,10.03,0.25,1999,,11.125,,,
4/7/1999,3,6,3,0.9,0.04,0.08,0.00345,10.27,0.13,1999,,11.25,,,
4/7/1999,3,5,3,1.1,0.02,0.1,0.00191,10.52,0.04,1999,,11,,,
4/7/1999,3,4,3,0.94,0.1,0.09,0.00736,10.44,0.25,1999,,10.44444444,,,
4/7/1999,3,3,3,0.82,0.07,0.08,0.00728,9.94,0.15,1999,,10.25,,,
4/7/1999,3,1,3,0.79,0.00288,0.07,0.00198,10.01,0.26,1999,,11.28571429,,,
4/7/1999,2,6,3,0.95,0.05,0.08,0.00514,10.66,0.11,1999,,11.875,,,
4/7/1999,21,5,3,0.91,0.07,0.08,0.00651,10.2,0.12,1999,,11.375,,,
4/7/1999,2,4,3,1.06,0.02,0.09,0.000459,10.79,0.18,1999,,11.77777778,,,
4/7/1999,2,3,3,1.06,0.07,0.1,0.00517,10.37,0.24,1999,,10.6,,,
4/7/1999,2,2,3,0.73,0.04,0.07,0.0024,9.87,0.3,1999,,10.42857143,,,
4/7/1999,2,1,3,0.87,0.04,0.08,0.00286,9.9,0.2,1999,,10.875,,,
4/7/1999,1,6,3,0.55,0.03,0.06,0.00155,8.38,0.31,1999,,9.166666667,,,
4/7/1999,1,5,3,1.1,0.06,0.11,0.0051,9.38,0.23,1999,,10,,,
4/7/1999,1,4,3,0.79,0.06,0.1,0.02,7.66,1.25,1999,,7.9,,,
4/7/1999,1,3,3,1.09,0.02,0.11,0.00231,9.42,0.11,1999,,9.909090909,,,
4/7/1999,1,2,3,0.85,0.05,0.09,0.00824,9.2,0.25,1999,,9.444444444,,,
4/7/1999,1,1,3,0.79,0.1,0.08,0.000484,9.35,1.19,1999,,9.875,,,
4/7/1999,SF ,1,3,0.98,0.02,0.1,0.00794,9.81,0.5,1999,,9.8,,,
4/7/1999,SF ,2,3,1.02,0.03,0.09,0.00202,11.03,0.48,1999,,11.33333333,,,
4/7/1999,SF ,3,2,0.9,0.04,0.09,0.00119,9.86,0.37,1999,,10,,,
4/7/1999,6,1,2,0.91,0.12,0.1,0.00969,8.89,0.36,1999,,9.1,,,
4/7/1999,6,2,3,0.72,0.01,0.08,0.000893,8.39,0.23,1999,,9,,,
4/7/1999,6,3,3,0.91,0.04,0.1,0.00328,9.13,0.12,1999,,9.1,,,
4/7/1999,6,4,3,0.98,0.04,0.1,0.00536,9.27,0.03,1999,,9.8,,,
4/7/1999,6,5,3,0.91,0.06,0.1,0.00592,9.03,0.18,1999,,9.1,,,
4/7/1999,6,6,3,0.82,0.05,0.08,0.00253,9.46,0.32,1999,,10.25,,,
4/7/1999,7,1,3,0.95,0.13,0.08,0.00454,10.64,0.98,1999,,11.875,,,
4/7/1999,7,2,3,1.1,0.11,0.11,0.00812,9.47,0.3,1999,,10,,,
4/7/1999,7,3,3,1.04,0.11,0.1,0.00364,10.37,0.84,1999,,10.4,,,
4/7/1999,7,4,3,0.93,0.06,0.09,0.00372,9.81,0.26,1999,,10.33333333,,,
4/7/1999,7,5,3,1.05,0.04,0.11,0.00419,9.59,0.11,1999,,9.545454545,,,
4/7/1999,7,6,3,1.18,0.07,0.11,0.00946,10.06,0.2,1999,,10.72727273,,,
4/7/1999,DF ,3,3,1.44,0.11,0.13,0.01,11.24,1.16,1999,,11.07692308,,,
4/7/1999,8,1,3,1.33,0.09,0.12,0.01,10.62,0.77,1999,,11.08333333,,,
4/7/1999,DF ,2,3,1.76,0.16,0.12,0.00937,13.8,0.38,1999,,14.66666667,,,
4/7/1999,DF ,1,2,1.35,0.02,0.11,0.00354,12.13,0.18,1999,,12.27272727,,,
4/7/1999,CF ,3,3,1.02,0.06,0.09,0.00407,11.25,0.44,1999,,11.33333333,,,
4/7/1999,CF ,2,2,1.41,0.14,0.12,0.03,11.92,1.98,1999,,11.75,,,
4/7/1999,CF ,1,3,1.95,0.23,0.11,0.00205,17.6,2.07,1999,,17.72727273,,,
4/7/1999,8,4,3,1.56,0.01,0.14,0.0034,10.94,0.37,1999,,11.14285714,,,
4/29/1998,SF ,3,3,1.55,0.16,0.19,0.01,8.05,0.21,1998,,8.157894737,,,
4/29/1998,SF ,1,3,1.7,0.08,0.2,0.01,8.39,0.11,1998,,8.5,,,
4/29/1998,DF ,3,2,1.83,0.01,0.22,0.0086,7.99,0.37,1998,,8.318181818,,,
4/29/1998,DF ,2,2,1.71,0.21,0.22,0.02,7.75,0.03,1998,,7.772727273,,,
4/29/1998,DF ,1,3,1.79,0.12,0.22,0.01,7.91,0.11,1998,,8.136363636,,,
4/29/1998,CF ,3,3,1.71,0.07,0.21,0.01,7.86,0.03,1998,,8.142857143,,,
4/29/1998,CF ,2,3,1.95,0.24,0.25,0.02,7.77,0.26,1998,,7.8,,,
4/29/1998,CF ,1,3,1.86,0.22,0.23,0.02,7.87,0.09,1998,,8.086956522,,,
4/29/1998,T05,4,3,1.28,0.03,0.12,0.00773,10.4,0.56,1998,,10.66666667,,,
4/29/1998,T05,3,3,0.99,0.04,0.11,0.01,8.73,0.45,1998,,9,,,
4/29/1998,T05,2,3,0.82,0.04,0.08,0.01,9.42,1.12,1998,,10.25,,,
4/29/1998,T05,1,3,1.14,0.01,0.11,0.0041,10.07,0.24,1998,,10.36363636,,,
4/29/1998,T04,6,2,1.25,0.02,0.11,0.01,10.05,0.03,1998,,11.36363636,,,
4/29/1998,T04,5,3,1.07,0.02,0.11,0.00179,9.39,0.32,1998,,9.727272727,,,
4/29/1998,T04,4,3,1.12,0.01,0.11,0.00324,9.44,0.28,1998,,10.18181818,,,
4/29/1998,6,4,3,1.56,0.05,0.2,0.00871,7.53,0.07,1998,,7.8,,,
4/29/1998,6,3,2,1.67,0.21,0.21,0.02,7.83,0.03,1998,,7.952380952,,,
4/29/1998,6,2,3,1.79,0.05,0.22,0.00956,8.01,0.08,1998,,8.136363636,,,
4/29/1998,6,1,3,2.16,0.17,0.26,0.02,8.13,0.05,1998,,8.307692308,,,
4/29/1998,5,6,2,1.6,0.02,0.2,0.00236,7.86,0.02,1998,,8,,,
4/29/1998,5,5,2,1.83,0.1,0.24,0.02,7.58,0.21,1998,,7.625,,,
4/29/1998,4,3,3,1.33,0.04,0.19,0.00488,6.92,0.34,1998,,7,,,
4/29/1998,4,2,3,1.26,0.11,0.16,0.01,7.59,0.13,1998,,7.875,,,
4/29/1998,4,1,3,2.14,0.13,0.2,0.01,10.62,0.2,1998,,10.7,,,
4/29/1998,3,6,2,1.73,0.05,0.22,0.01,7.77,0.25,1998,,7.863636364,,,
4/29/1998,3,5,2,2.09,0.1,0.23,0.00961,8.81,0.09,1998,,9.086956522,,,
4/29/1998,3,4,2,1.69,0.16,0.21,0.00613,7.9,0.53,1998,,8.047619048,,,
4/29/1998,3,3,3,2.12,0.11,0.25,0.03,8.26,0.62,1998,,8.48,,,
4/29/1998,3,2,2,0.98,0.15,0.16,0.02,6,0.00813,1998,,6.125,,,
4/29/1998,3,1,3,1.3,0.19,0.2,0.02,6.34,0.28,1998,,6.5,,,
4/29/1998,2,6,3,1.11,0.06,0.17,0.0074,6.25,0.23,1998,,6.529411765,,,
4/29/1998,21,5,3,1.1,0.11,0.17,0.02,6.19,0.16,1998,,6.470588235,,,
4/29/1998,2,4,3,1.19,0.14,0.19,0.02,6.29,0.26,1998,,6.263157895,,,
4/29/1998,2,3,3,1.06,0.09,0.18,0.0055,5.68,0.58,1998,,5.888888889,,,
4/29/1998,2,2,2,0.98,0.03,0.17,0.00718,5.71,0.01,1998,,5.764705882,,,
4/29/1998,2,1,2,1.15,0.04,0.18,0.02,6.28,0.96,1998,,6.388888889,,,
4/29/1998,8,4,2,1.74,0.02,0.22,8.24E-05,7.71,0.1,1998,,7.909090909,,,
4/29/1998,8,3,2,2.26,0.15,0.27,0.02,8.15,0.02,1998,,8.37037037,,,
4/29/1998,8,2,2,1.48,0.13,0.19,0.01,7.6,0.2,1998,,7.789473684,,,
4/29/1998,8,1,3,1.72,0.07,0.22,0.00833,7.79,0.2,1998,,7.818181818,,,
4/29/1998,7,6,2,1.57,0.2,0.2,0.02,7.77,0.11,1998,,7.85,,,
4/29/1998,7,5,3,1.47,0.14,0.19,0.02,7.59,0.13,1998,,7.736842105,,,
4/29/1998,7,4,3,1.78,0.02,0.22,0.00177,7.93,0.05,1998,,8.090909091,,,
4/29/1998,7,3,3,1.68,0.1,0.22,0.01,7.66,0.09,1998,,7.636363636,,,
4/29/1998,7,2,3,1.86,0.09,0.23,0.00685,8.12,0.24,1998,,8.086956522,,,
4/29/1998,7,1,3,1.68,0.16,0.2,0.02,8.03,0.1,1998,,8.4,,,
4/29/1998,6,6,3,1.49,0.19,0.19,0.02,7.54,0.13,1998,,7.842105263,,,
4/29/1998,6,5,3,1.95,0.05,0.24,0.00699,7.89,0.13,1998,,8.125,,,
4/29/1998,1,6,3,1.09,0.02,0.18,0.00881,5.98,0.3,1998,,6.055555556,,,
4/29/1998,1,5,2,0.79,0.09,0.14,0.01,5.5,0.1,1998,,5.642857143,,,
4/29/1998,1,4,3,0.92,0.06,0.16,0.00645,5.79,0.17,1998,,5.75,,,
4/29/1998,1,3,2,0.94,0.12,0.17,0.02,5.49,0.00267,1998,,5.529411765,,,
4/29/1998,1,2,2,1.56,0.15,0.19,0.00308,7.98,0.91,1998,,8.210526316,,,
4/29/1998,1,1,2,1.07,0.05,0.15,0.01,6.84,0.32,1998,,7.133333333,,,
4/29/1998,SF ,2,3,1.46,0.13,0.18,0.01,7.77,0.11,1998,,8.111111111,,,
4/14/1997,3,4,3,0.84,,0.09,,9.44,,1997,,9.333333333,,,
4/14/1997,7,6,3,1.09,,0.12,,9.08,,1997,,9.083333333,,,
4/14/1997,SF ,3,3,0.8,,0.09,,9.01,,1997,,8.888888889,,,
4/14/1997,SF ,2,2,0.9,,0.08,,10.91,,1997,,11.25,,,
4/14/1997,SF ,1,3,0.88,,0.1,,8.62,,1997,,8.8,,,
4/14/1997,DF ,3,3,1.5,,0.13,,11.6,,1997,,11.53846154,,,
4/14/1997,DF ,2,3,1.49,,0.12,,12.49,,1997,,12.41666667,,,
4/14/1997,DF ,1,3,1.26,,0.12,,10.34,,1997,,10.5,,,
4/14/1997,3,2,3,0.91,,0.09,,9.92,,1997,,10.11111111,,,
4/14/1997,5,3,3,0.82,,0.08,,10.02,,1997,,10.25,,,
4/14/1997,5,2,3,0.98,,0.09,,10.74,,1997,,10.88888889,,,
4/14/1997,5,1,2,1.1,,0.1,,10.18,,1997,,11,,,
4/14/1997,4,6,3,0.83,,0.09,,9.28,,1997,,9.222222222,,,
4/14/1997,4,5,3,0.93,,0.1,,9.28,,1997,,9.3,,,
4/14/1997,4,4,3,0.98,,0.1,,9.13,,1997,,9.8,,,
4/14/1997,4,3,3,1,,0.1,,9.45,,1997,,10,,,
4/14/1997,4,2,3,0.93,,0.1,,8.93,,1997,,9.3,,,
4/14/1997,4,1,3,0.98,,0.1,,9.73,,1997,,9.8,,,
4/14/1997,3,6,3,0.96,,0.09,,10,,1997,,10.66666667,,,
4/14/1997,3,5,3,1.06,,0.11,,9.64,,1997,,9.636363636,,,
4/14/1997,1,1,2,0.68,,0.07,,9.23,,1997,,9.714285714,,,
4/14/1997,3,3,3,0.93,,0.09,,9.83,,1997,,10.33333333,,,
4/14/1997,5,6,3,1.36,,0.14,,9.72,,1997,,9.714285714,,,
4/14/1997,3,1,3,0.67,,0.07,,9.05,,1997,,9.571428571,,,
4/14/1997,2,6,3,0.92,,0.09,,9.52,,1997,,10.22222222,,,
4/14/1997,21,5,3,0.87,,0.08,,9.82,,1997,,10.875,,,
4/14/1997,2,4,3,1.16,,0.11,,9.82,,1997,,10.54545455,,,
4/14/1997,2,3,3,1.03,,0.1,,9.9,,1997,,10.3,,,
4/14/1997,2,2,3,0.82,,0.08,,9.33,,1997,,10.25,,,
4/14/1997,2,1,3,0.94,,0.1,,9.49,,1997,,9.4,,,
4/14/1997,1,6,2,0.62,,0.03,,16.18,,1997,,20.66666667,,,
4/14/1997,1,5,2,0.75,,0.08,,9,,1997,,9.375,,,
4/14/1997,1,4,2,0.72,,0.07,,9.17,,1997,,10.28571429,,,
4/14/1997,CF ,3,3,1.06,,0.1,,10.4,,1997,,10.6,,,
4/14/1997,CF ,2,3,1.39,,0.1,,12.71,,1997,,13.9,,,
4/14/1997,CF ,1,3,1.55,,0.1,,15.47,,1997,,15.5,,,
4/14/1997,8,4,2,1.57,,0.15,,10.4,,1997,,10.46666667,,,
4/14/1997,8,3,3,1.57,,0.14,,11.13,,1997,,11.21428571,,,
4/14/1997,5,4,3,0.94,,0.09,,10.5,,1997,,10.44444444,,,
4/14/1997,8,1,3,1.48,,0.13,,10.84,,1997,,11.38461538,,,
4/14/1997,5,5,3,0.86,,0.08,,10,,1997,,10.75,,,
4/14/1997,7,5,3,0.96,,0.1,,8.97,,1997,,9.6,,,
4/14/1997,7,4,2,0.99,,0.1,,9.29,,1997,,9.9,,,
4/14/1997,7,3,2,1.03,,0.11,,8.86,,1997,,9.363636364,,,
4/14/1997,7,1,3,0.84,,0.09,,8.72,,1997,,9.333333333,,,
4/14/1997,6,6,3,0.88,,0.1,,8.85,,1997,,8.8,,,
4/14/1997,6,5,3,0.92,,0.1,,8.44,,1997,,9.2,,,
4/14/1997,6,4,3,0.98,,0.11,,8.74,,1997,,8.909090909,,,
4/14/1997,6,3,3,0.94,,0.1,,8.93,,1997,,9.4,,,
4/14/1997,6,2,3,0.87,,0.1,,8.26,,1997,,8.7,,,
4/14/1997,6,1,3,0.85,,0.1,,8.21,,1997,,8.5,,,
4/14/1997,8,2,3,1.28,,0.12,,10.31,,1997,,10.66666667,,,
4/14/1997,7,2,3,1.02,,0.11,,9.12,,1997,,9.272727273,,,
4/14/1997,1,3,3,1.1,,0.12,,9.26,,1997,,9.166666667,,,
4/14/1997,1,2,3,0.83,,0.09,,9.24,,1997,,9.222222222,,,
4/10/1996,5,2,3,1.2,0.02,0.11,0.003,10.53,0.42,1996,,10.90909091,,,
4/10/1996,1,1,2,0.84,0.05,0.08,0.002,10.31,0.91,1996,,10.5,,,
4/10/1996,1,2,3,0.87,0.04,0.09,0.005,9.16,0.05,1996,,9.666666667,,,
4/10/1996,1,3,3,0.93,0.06,0.1,0.007,9.25,0.07,1996,,9.3,,,
4/10/1996,1,4,2,0.67,0.006,0.07,0.005,8.99,0.67,1996,,9.571428571,,,
4/10/1996,1,5,3,0.9,0.04,0.09,0.003,9.48,0.25,1996,,10,,,
4/10/1996,1,6,2,0.9,0.01,0.09,0.001,9.34,0.04,1996,,10,,,
4/10/1996,2,1,3,0.87,0.08,0.09,0.01,9.08,0.34,1996,,9.666666667,,,
4/10/1996,2,2,3,0.99,0.01,0.1,0.004,9.59,0.21,1996,,9.9,,,
4/10/1996,2,3,3,0.87,0.04,0.09,0.003,9.04,0.22,1996,,9.666666667,,,
4/10/1996,2,4,2,1.14,0.02,0.11,0.001,9.91,0.08,1996,,10.36363636,,,
4/10/1996,21,5,2,1.06,0.02,0.14,0.001,7.18,0.21,1996,,7.571428571,,,
4/10/1996,2,6,3,0.75,0.01,0.08,0.002,9.06,0.2,1996,,9.375,,,
4/10/1996,3,1,3,0.69,0.06,0.08,0.006,8.25,0.47,1996,,8.625,,,
4/10/1996,3,2,2,0.9,0.06,0.1,0.008,8.78,0.14,1996,,9,,,
4/10/1996,3,3,2,0.96,0.05,0.1,0.008,8.95,0.17,1996,,9.6,,,
4/10/1996,3,4,3,0.82,0.06,0.09,0.008,9.09,0.57,1996,,9.111111111,,,
4/10/1996,3,5,3,0.85,0.03,0.09,0.005,9.01,0.19,1996,,9.444444444,,,
4/10/1996,3,6,3,0.99,0.08,0.1,0.007,9.32,0.17,1996,,9.9,,,
4/10/1996,4,1,2,0.83,0.002,0.09,0,8.73,0.02,1996,,9.222222222,,,
4/10/1996,4,2,3,0.99,0.04,0.1,0.005,9.21,0.09,1996,,9.9,,,
4/10/1996,4,3,3,0.94,0.02,0.1,0.004,9.05,0.45,1996,,9.4,,,
4/10/1996,4,4,3,0.93,0.05,0.1,0.008,9.04,0.21,1996,,9.3,,,
4/10/1996,4,5,3,0.9,0.06,0.1,0.006,8.73,0.21,1996,,9,,,
4/10/1996,4,6,3,1.11,0.06,0.12,0.003,8.61,0.35,1996,,9.25,,,
4/10/1996,5,1,3,0.95,0.08,0.1,0.006,9.12,0.35,1996,,9.5,,,
4/10/1996,5,3,3,0.88,0.08,0.1,0.007,8.89,0.32,1996,,8.8,,,
4/10/1996,5,4,3,1.15,0.1,0.12,0.007,9.6,0.78,1996,,9.583333333,,,
4/10/1996,5,5,3,1,0.05,0.1,0.01,10.12,0.57,1996,,10,,,
4/10/1996,CF ,1,3,4.19,0.22,0.17,0.01,23.65,0.43,1996,,24.64705882,,,
4/10/1996,DF ,1,3,2.46,0.04,0.15,0.01,15.59,1.42,1996,,16.4,,,
4/10/1996,SF ,1,3,1.24,0.08,0.15,0.005,8.16,0.39,1996,,8.266666667,,,
4/10/1996,CF ,2,2,3.18,0.27,0.15,0.01,20.34,0.38,1996,,21.2,,,
4/10/1996,DF ,2,2,2.96,0.26,0.23,0.006,12.68,0.83,1996,,12.86956522,,,
4/10/1996,SF ,2,2,1.23,0.02,0.09,0.005,13.81,0.45,1996,,13.66666667,,,
4/10/1996,CF ,3,2,1.9,0.11,0.12,0.008,15.45,1.99,1996,,15.83333333,,,
4/10/1996,DF ,3,3,2.26,0.2,0.14,0.008,15.33,0.87,1996,,16.14285714,,,
4/10/1996,SF ,3,3,1.46,0.1,0.11,0.005,12.58,0.36,1996,,13.27272727,,,
4/10/1996,5,6,3,1.18,0.04,0.11,0.004,10.37,0.29,1996,,10.72727273,,,
4/10/1996,6,1,3,0.95,0.06,0.09,0.006,9.82,0.22,1996,,10.55555556,,,
4/10/1996,6,2,3,1.34,0.05,0.13,0.005,10.29,0.51,1996,,10.30769231,,,
4/10/1996,6,3,2,1.21,0.002,0.1,0.006,11.29,0.61,1996,,12.1,,,
4/10/1996,6,4,3,1.18,0.06,0.09,0.007,12.74,0.22,1996,,13.11111111,,,
4/10/1996,6,5,3,1.25,0.1,0.1,0.002,11.92,0.81,1996,,12.5,,,
4/10/1996,6,6,2,1.11,0.02,0.08,0.004,13.06,0.2,1996,,13.875,,,
4/10/1996,7,1,2,0.93,0.003,0.06,0.003,14.01,0.54,1996,,15.5,,,
4/10/1996,7,2,2,1.24,0.06,0.1,0,11.86,0.57,1996,,12.4,,,
4/10/1996,7,3,3,1.24,0.06,0.1,0.005,11.53,0.13,1996,,12.4,,,
4/10/1996,7,4,3,1.35,0.07,0.11,0.005,11.74,1.17,1996,,12.27272727,,,
4/10/1996,7,5,2,1.62,0.09,0.1,0.005,15.13,0.19,1996,,16.2,,,
4/10/1996,7,6,3,1.33,0.07,0.11,0.003,12.07,0.81,1996,,12.09090909,,,
4/10/1996,8,1,3,1.88,0.02,0.13,0.004,14.48,0.32,1996,,14.46153846,,,
4/10/1996,8,2,3,2.06,0.08,0.15,0.01,13.81,1.39,1996,,13.73333333,,,
4/10/1996,8,3,3,1.78,0.15,0.13,0.01,13.58,0.96,1996,,13.69230769,,,
4/10/1996,8,4,3,1.82,0.03,0.15,0.001,12.01,0.14,1996,,12.13333333,,,
4/10/1996,CFF,1,2,3.01,0.09,0.13,0.002,22.28,0.37,1996,,23.15384615,,,
4/10/1996,DFF,1,3,1.35,0.05,0.06,0.006,21.21,1.66,1996,,22.5,,,
4/10/1996,SFF,1,2,1.59,0.01,0.1,0,14.74,0.17,1996,,15.9,,,
4/10/1996,CFF,2,2,3.44,0.29,0.14,0.009,24.01,0.51,1996,,24.57142857,,,
4/10/1996,DFF,2,2,2.82,0.49,0.13,0.02,20.8,0.45,1996,,21.69230769,,,
4/10/1996,SFF,2,2,0.94,0.07,0.05,0.002,19.01,0.65,1996,,18.8,,,
4/10/1996,DFF,3,2,2,0.11,0.1,0.002,19.79,1.53,1996,,20,,,
4/10/1996,SFF,3,3,1.61,0.12,0.1,0.009,15.2,0.19,1996,,16.1,,,
3/22/1995,2,6,3,0.93,0.09,0.1,0.01,9.03,0.28,1995,,9.3,,,
3/22/1995,3,1,3,0.78,0.05,0.01,0.005,5.99,0.17,1995,,78,,,
3/22/1995,3,2,3,1.12,0.14,0.12,0.01,9.31,0.07,1995,,9.333333333,,,
3/22/1995,3,3,3,1.1,0.08,0.13,0.01,8.5,0.05,1995,,8.461538462,,,
3/22/1995,3,4,2,0.95,0.07,0.1,0.006,9.08,0.12,1995,,9.5,,,
3/22/1995,3,5,3,0.98,0.01,0.1,0.006,9.23,0.39,1995,,9.8,,,
3/22/1995,3,6,3,0.99,0.16,0.1,0.01,9.1,0.51,1995,,9.9,,,
3/22/1995,4,1,3,0.94,0.07,0.11,0.007,8.54,0.15,1995,,8.545454545,,,
3/22/1995,4,2,3,0.95,0.05,0.1,0.002,8.89,0.34,1995,,9.5,,,
3/22/1995,4,3,3,1.01,0.03,0.09,0.009,10.81,1.24,1995,,11.22222222,,,
3/22/1995,4,4,3,1.1,0.04,0.11,0.004,9.51,0.14,1995,,10,,,
3/22/1995,4,5,3,0.91,0.04,0.09,0.002,9.86,0.46,1995,,10.11111111,,,
3/22/1995,4,6,3,1.12,0.04,0.11,0.01,10.13,1.04,1995,,10.18181818,,,
3/22/1995,5,1,3,1.03,0.06,0.1,0.01,10.42,0.88,1995,,10.3,,,
3/22/1995,5,2,3,0.81,0.05,0.07,0.005,10.25,0.29,1995,,11.57142857,,,
3/22/1995,5,3,3,0.92,0.73,0.13,0.009,7,0.13,1995,,7.076923077,,,
3/22/1995,5,4,2,1.15,0.04,0.11,0.004,10.31,0.05,1995,,10.45454545,,,
3/22/1995,5,5,2,0.87,0.01,0.08,0.008,10.46,0.93,1995,,10.875,,,
3/22/1995,5,6,2,1.18,0.12,0.11,0.01,10.34,0.03,1995,,10.72727273,,,
3/22/1995,6,1,2,1.11,0.004,0.1,0.01,11.07,1.28,1995,,11.1,,,
3/22/1995,6,2,3,0.83,0.07,0.08,0.01,9.46,1.82,1995,,10.375,,,
3/22/1995,6,3,3,0.93,0.02,0.09,0.007,9.87,0.81,1995,,10.33333333,,,
3/22/1995,6,4,3,1.14,0.02,0.15,0.009,7.31,0.37,1995,,7.6,,,
3/22/1995,6,5,3,1.08,0.09,0.15,0.008,7.06,0.25,1995,,7.2,,,
3/22/1995,6,6,2,0.91,0.06,0.11,0.004,7.91,0.35,1995,,8.272727273,,,
3/22/1995,7,3,3,0.99,0.02,0.08,0.005,11.58,0.48,1995,,12.375,,,
3/22/1995,7,1,3,0.99,0.03,0.13,0.004,7.29,0.13,1995,,7.615384615,,,
3/22/1995,7,2,3,1.01,0.04,0.14,0.006,7,0.16,1995,,7.214285714,,,
3/22/1995,7,6,3,0.97,0.05,0.09,0.002,10.57,0.62,1995,,10.77777778,,,
3/22/1995,7,5,3,0.88,0.01,0.07,0.006,11.64,1.09,1995,,12.57142857,,,
3/22/1995,7,4,3,1.16,0.1,0.15,0.01,7.65,0.23,1995,,7.733333333,,,
3/22/1995,8,1,3,1.21,0.04,0.09,0.006,12.69,0.55,1995,,13.44444444,,,
3/22/1995,8,2,3,1.34,0.07,0.1,0.005,12.57,0.39,1995,,13.4,,,
3/22/1995,8,3,3,1.2,0.12,0.09,0.007,12.1,1.22,1995,,13.33333333,,,
3/22/1995,8,4,2,1.44,0.02,0.11,0.006,13.05,0.9,1995,,13.09090909,,,
3/22/1995,CF ,1,3,1.72,0.14,0.09,0.002,18.38,1.41,1995,,19.11111111,,,
3/22/1995,CF ,2,2,1.12,0.03,0.07,0,14.64,0.47,1995,,16,,,
3/22/1995,CF ,3,3,1.05,0.05,0.08,0.004,12.41,1.16,1995,,13.125,,,
3/22/1995,DF ,1,2,1.76,0.28,0.11,0.006,15.1,1.62,1995,,16,,,
3/22/1995,DF ,2,2,1.36,0.05,0.09,0.001,14.87,0.5,1995,,15.11111111,,,
3/22/1995,DF ,3,2,1.35,0.14,0.1,0.004,12.76,0.84,1995,,13.5,,,
3/22/1995,SF ,1,2,1.07,0.12,0.14,0.005,7.57,0.63,1995,,7.642857143,,,
3/22/1995,SF ,2,3,0.88,0.03,0.07,0.006,12.31,1.56,1995,,12.57142857,,,
3/22/1995,1,1,3,0.74,0.03,0.04,0.003,16.18,0.51,1995,,18.5,,,
3/22/1995,1,2,3,0.88,0.06,0.13,0.006,6.52,0.24,1995,,6.769230769,,,
3/22/1995,1,3,3,1.17,0.04,0.13,0.004,8.68,0.34,1995,,9,,,
3/22/1995,1,4,2,0.8,0.01,0.09,0.001,8.33,18,1995,,8.888888889,,,
3/22/1995,1,5,2,0.84,0.001,0.1,0.004,7.86,0.31,1995,,8.4,,,
3/22/1995,1,6,2,0.55,0.05,0.26,0.007,2.06,2.43,1995,,2.115384615,,,
3/22/1995,2,1,3,1.02,0.09,0.11,0.007,9.02,0.56,1995,,9.272727273,,,
3/22/1995,2,2,3,0.9,0.03,0.1,0.005,8.59,0.05,1995,,9,,,
3/22/1995,2,3,3,1.07,0.04,0.11,0.001,9.2,0.38,1995,,9.727272727,,,
3/22/1995,2,4,3,0.97,0.06,0.1,0.008,9.65,1.25,1995,,9.7,,,
3/22/1995,21,5,3,0.9,0.03,0.1,0.007,8.61,0.27,1995,,9,,,
8/29/1994,3,6,,0.99,,0.1,,9.7,,1994,,9.9,,,
8/29/1994,1,3,,1.1,,0.11,,9.7,,1994,,10,,,
8/29/1994,1,4,,0.76,,0.07,,9.9,,1994,,10.85714286,,,
8/29/1994,1,5,,0.72,,0.07,,9.4,,1994,,10.28571429,,,
8/29/1994,1,6,,0.7,,0.07,,9.6,,1994,,10,,,
8/29/1994,2,1,,0.85,,0.09,,9.6,,1994,,9.444444444,,,
8/29/1994,2,2,,0.7,,0.07,,9.6,,1994,,10,,,
8/29/1994,2,3,,1.16,,0.11,,10.4,,1994,,10.54545455,,,
8/29/1994,2,4,,0.95,,0.09,,10,,1994,,10.55555556,,,
8/29/1994,2,6,,1.03,,0.09,,10.5,,1994,,11.44444444,,,
8/29/1994,3,1,,0.74,,0.07,,9.9,,1994,,10.57142857,,,
8/29/1994,3,2,,1.02,,0.09,,10.4,,1994,,11.33333333,,,
8/29/1994,3,3,,0.91,,0.09,,9.9,,1994,,10.11111111,,,
8/29/1994,3,4,,0.93,,0.09,,10,,1994,,10.33333333,,,
8/29/1994,3,5,,1.07,,0.1,,10.7,,1994,,10.7,,,
8/29/1994,4,1,,0.88,,0.09,,9.5,,1994,,9.777777778,,,
8/29/1994,4,2,,1.06,,0.1,,10.2,,1994,,10.6,,,
8/29/1994,4,3,,0.81,,0.08,,9.8,,1994,,10.125,,,
8/29/1994,4,4,,0.87,,0.08,,9.8,,1994,,10.875,,,
8/29/1994,4,5,,0.81,,0.08,,9.5,,1994,,10.125,,,
8/29/1994,4,6,,0.94,,0.09,,10.1,,1994,,10.44444444,,,
8/29/1994,5,1,,1.28,,0.1,,12.1,,1994,,12.8,,,
8/29/1994,5,2,,1.02,,0.08,,12,,1994,,12.75,,,
8/29/1994,5,3,,0.62,,0.05,,11.2,,1994,,12.4,,,
8/29/1994,5,4,,0.99,,0.08,,11.4,,1994,,12.375,,,
8/29/1994,SF ,3,,0.99,,0.08,,12.1,,1994,,12.375,,,
8/29/1994,SF ,2,,1.05,,0.09,,11.1,,1994,,11.66666667,,,
8/29/1994,SF ,1,,0.82,,0.07,,11.4,,1994,,11.71428571,,,
8/29/1994,DF ,3,,2.39,,0.16,,14.9,,1994,,14.9375,,,
8/29/1994,DF ,2,,2.6,,0.17,,15.2,,1994,,15.29411765,,,
8/29/1994,DF ,1,,2.44,,0.18,,13,,1994,,13.55555556,,,
8/29/1994,CF ,3,,1.36,,0.09,,13.9,,1994,,15.11111111,,,
8/29/1994,CF ,2,,1.04,,0.07,,14.3,,1994,,14.85714286,,,
8/29/1994,CF ,1,,1.32,,0.07,,18,,1994,,18.85714286,,,
8/29/1994,8,4,,1.87,,0.16,,11.6,,1994,,11.6875,,,
8/29/1994,8,3,,2.21,,0.18,,12.1,,1994,,12.27777778,,,
8/29/1994,8,2,,1.94,,0.16,,12.1,,1994,,12.125,,,
8/29/1994,8,1,,1.83,,0.15,,12,,1994,,12.2,,,
8/29/1994,7,6,,1.15,,0.11,,9.7,,1994,,10.45454545,,,
8/29/1994,7,5,,1.18,,0.11,,10.4,,1994,,10.72727273,,,
8/29/1994,7,4,,1.06,,0.1,,10.6,,1994,,10.6,,,
8/29/1994,7,3,,1.21,,0.11,,10.8,,1994,,11,,,
8/29/1994,7,2,,1.2,,0.12,,9.7,,1994,,10,,,
8/29/1994,7,1,,0.68,,0.07,,9.5,,1994,,9.714285714,,,
8/29/1994,6,6,,0.92,,0.09,,9.7,,1994,,10.22222222,,,
8/29/1994,6,5,,1.16,,0.11,,9.8,,1994,,10.54545455,,,
8/29/1994,6,4,,1.24,,0.12,,10.4,,1994,,10.33333333,,,
8/29/1994,6,3,,1.19,,0.12,,9.6,,1994,,9.916666667,,,
8/29/1994,6,2,,1.16,,0.12,,9.4,,1994,,9.666666667,,,
8/29/1994,6,1,,1.16,,0.12,,9.5,,1994,,9.666666667,,,
8/29/1994,5,6,,1.49,,0.15,,10,,1994,,9.933333333,,,
8/29/1994,5,5,,0.81,,0.07,,11.2,,1994,,11.57142857,,,
8/29/1994,1,1,,0.64,,0.06,,9.7,,1994,,10.66666667,,,
8/29/1994,1,2,,0.88,,0.08,,10.1,,1994,,11,,,
4/11/1994,2,3,3,1.14,0.01,0.12,0.006,9.17,0.35,1994,,9.5,,,
4/11/1994,3,3,2,1.03,0.03,0.11,0.004,9.15,0.02,1994,,9.363636364,,,
4/11/1994,5,5,2,0.86,0.03,0.09,0.006,9.24,0.19,1994,,9.555555556,,,
4/11/1994,6,5,2,1.17,0.008,0.15,0.004,7.88,0.13,1994,,7.8,,,
4/11/1994,7,5,3,1.26,0.06,0.16,0.01,7.68,0.28,1994,,7.875,,,
4/11/1994,6,3,3,1.38,0.03,0.16,0.006,8.42,0.47,1994,,8.625,,,
4/11/1994,7,3,2,1.27,0.1,0.16,0.01,7.7,0.06,1994,,7.9375,,,
4/11/1994,8,3,3,1.88,0.05,0.18,0.004,10.23,0.56,1994,,10.44444444,,,
4/11/1994,CF ,3,2,1.74,0.12,0.16,0.01,10.56,0.46,1994,,10.875,,,
4/11/1994,DF ,3,3,1.79,0.08,0.18,0.005,9.76,0.31,1994,,9.944444444,,,
4/11/1994,SF ,3,2,1.23,0.07,0.13,0.01,8.99,1.3,1994,,9.461538462,,,
4/11/1994,SF ,3,3,1.04,0.04,0.13,0.001,7.56,0.27,1994,,8,,,
4/11/1994,1,4,3,0.69,0.06,0.09,0.002,7.64,0.59,1994,,7.666666667,,,
4/11/1994,2,4,3,1.04,0.04,0.11,0.007,9.01,0.12,1994,,9.454545455,,,
4/11/1994,3,4,3,0.54,0.01,0.07,0.003,6.97,0.12,1994,,7.714285714,,,
4/11/1994,4,4,2,0.78,0.02,0.09,0.002,8.43,0.03,1994,,8.666666667,,,
4/11/1994,5,4,3,0.92,0.01,0.09,0.006,9.59,0.64,1994,,10.22222222,,,
4/11/1994,6,4,2,1.09,0.09,0.16,0.006,6.74,0.32,1994,,6.8125,,,
4/11/1994,7,4,2,1.14,0.05,0.15,0.01,7.61,0.3,1994,,7.6,,,
4/11/1994,8,4,3,1.79,0.11,0.2,0.01,8.86,0.14,1994,,8.95,,,
4/11/1994,1,5,3,0.8,0.04,0.09,0.007,8.25,0.31,1994,,8.888888889,,,
4/11/1994,21,5,3,0.79,0.01,0.09,0.006,8.44,0.52,1994,,8.777777778,,,
4/11/1994,3,5,3,1.05,0.07,0.11,0.003,9.22,0.43,1994,,9.545454545,,,
4/11/1994,1,6,3,0.94,0.05,0.09,0.006,9.67,0.28,1994,,10.44444444,,,
4/11/1994,2,6,3,0.89,0.04,0.1,0.006,8.93,0.14,1994,,8.9,,,
4/11/1994,4,5,3,1.12,0.1,0.11,0.01,9.88,0.53,1994,,10.18181818,,,
4/11/1994,3,6,2,0.94,0.09,0.11,0.008,7.95,1.32,1994,,8.545454545,,,
4/11/1994,7,6,3,1.43,0.01,0.16,0.007,8.52,0.35,1994,,8.9375,,,
4/11/1994,6,6,3,1.28,0.03,0.15,0.002,8.16,0.19,1994,,8.533333333,,,
4/11/1994,5,6,3,1.51,0.05,0.15,0.01,9.68,0.7,1994,,10.06666667,,,
4/11/1994,4,6,2,0.87,0.04,0.13,0.009,6.73,0.1,1994,,6.692307692,,,
4/11/1994,4,6,2,0.84,0.04,0.09,0.01,8.63,0.6,1994,,9.333333333,,,
4/11/1994,1,1,3,0.74,0.04,0.08,0.001,8.44,0.44,1994,,9.25,,,
4/11/1994,2,1,2,0.86,0.05,0.1,0.008,8.56,0.15,1994,,8.6,,,
4/11/1994,3,1,2,0.79,0.03,0.08,0.001,9.13,0.49,1994,,9.875,,,
4/11/1994,4,1,2,0.81,0.008,0.09,0.005,8.22,0.33,1994,,9,,,
4/11/1994,5,1,3,1.17,0.006,0.11,0.002,10.25,0.12,1994,,10.63636364,,,
4/11/1994,4,3,3,0.94,0.03,0.1,0.004,8.81,0.03,1994,,9.4,,,
4/11/1994,6,1,2,1.24,0.01,0.15,0.01,8.05,0.66,1994,,8.266666667,,,
4/11/1994,7,1,2,1.09,0.05,0.14,0.01,7.83,0.3,1994,,7.785714286,,,
4/11/1994,8,1,3,1.88,0.05,0.19,0.01,9.56,0.56,1994,,9.894736842,,,
4/11/1994,CF ,1,2,1.86,0.12,0.12,0.01,14.79,2.31,1994,,15.5,,,
4/11/1994,DF ,1,3,1.96,0.04,0.18,0.002,10.9,0.22,1994,,10.88888889,,,
4/11/1994,SF ,1,2,1.34,0.02,0.14,0.004,9.18,0.09,1994,,9.571428571,,,
4/11/1994,1,2,3,0.73,0.005,0.08,0.002,8.47,0.1,1994,,9.125,,,
4/11/1994,2,2,3,0.83,0.04,0.09,0.005,8.59,0.27,1994,,9.222222222,,,
4/11/1994,3,2,3,1,0.04,0.1,0.004,9.69,0.47,1994,,10,,,
4/11/1994,4,2,3,0.95,0.03,0.1,0.004,9.19,0.27,1994,,9.5,,,
4/11/1994,6,2,3,1.02,0.06,0.13,0.004,7.7,0.6,1994,,7.846153846,,,
4/11/1994,7,2,3,1.2,0.05,0.15,0.01,7.74,0.55,1994,,8,,,
4/11/1994,8,2,3,2.31,0.15,0.23,0.02,10,0.56,1994,,10.04347826,,,
4/11/1994,CF ,2,3,1.79,0.07,0.14,0.003,12.31,0.3,1994,,12.78571429,,,
4/11/1994,DF ,2,2,2.2,0.05,0.18,0.004,12.18,0.007,1994,,12.22222222,,,
4/11/1994,SF ,2,2,1.09,0.05,0.13,0.006,8.04,0.01,1994,,8.384615385,,,
4/11/1994,1,3,3,1.15,0.01,0.13,0.003,8.69,0.12,1994,,8.846153846,,,
7/20/1993,DF ,3,,1.59,,0.13,,11.5,,1993,,12.23076923,,,
7/20/1993,1,1,,0.83,,0.09,,8.8,,1993,,9.222222222,,,
7/20/1993,1,2,,0.79,,0.09,,8.1,,1993,,8.777777778,,,
7/20/1993,1,3,,1.42,,0.15,,9.1,,1993,,9.466666667,,,
7/20/1993,1,4,,0.82,,0.1,,8.2,,1993,,8.2,,,
7/20/1993,SF ,2,,0.86,,0.09,,9.5,,1993,,9.555555556,,,
7/20/1993,SF ,3,,0.76,,0.08,,9.2,,1993,,9.5,,,
7/20/1993,1,5,,0.78,,0.09,,8.2,,1993,,8.666666667,,,
7/20/1993,1,6,,0.59,,0.07,,8.1,,1993,,8.428571429,,,
7/20/1993,2,1,,0.86,,0.1,,8.2,,1993,,8.6,,,
7/20/1993,2,2,,0.73,,0.09,,7.5,,1993,,8.111111111,,,
7/20/1993,2,3,,1.18,,0.13,,9,,1993,,9.076923077,,,
7/20/1993,2,4,,1.19,,0.13,,8.8,,1993,,9.153846154,,,
7/20/1993,2,5,,0.84,,0.1,,8.3,,1993,,8.4,,,
7/20/1993,2,6,,0.9,,0.1,,8.9,,1993,,9,,,
7/20/1993,3,1,,0.76,,0.09,,8.1,,1993,,8.444444444,,,
7/20/1993,3,2,,0.85,,0.09,,8.9,,1993,,9.444444444,,,
7/20/1993,3,3,,1.14,,0.12,,8.9,,1993,,9.5,,,
7/20/1993,3,4,,0.81,,0.09,,8.3,,1993,,9,,,
7/20/1993,3,5,,1.04,,0.12,,8.6,,1993,,8.666666667,,,
7/20/1993,3,6,,0.83,,0.09,,8.5,,1993,,9.222222222,,,
7/20/1993,4,1,,1.02,,0.12,,8.4,,1993,,8.5,,,
7/20/1993,4,2,,1.16,,0.13,,8.8,,1993,,8.923076923,,,
7/20/1993,4,3,,0.61,,0.08,,7.5,,1993,,7.625,,,
7/20/1993,4,4,,0.96,,0.11,,8.3,,1993,,8.727272727,,,
7/20/1993,4,5,,0.97,,0.11,,8.7,,1993,,8.818181818,,,
7/20/1993,4,6,,0.8,,0.09,,8.7,,1993,,8.888888889,,,
7/20/1993,5,1,,0.91,,0.1,,9.1,,1993,,9.1,,,
7/20/1993,5,2,,0.86,,0.09,,9.3,,1993,,9.555555556,,,
7/20/1993,5,3,,0.66,,0.07,,8.3,,1993,,9.428571429,,,
7/20/1993,5,4,,0.83,,0.1,,8.2,,1993,,8.3,,,
7/20/1993,5,5,,0.85,,0.09,,9,,1993,,9.444444444,,,
7/20/1993,5,6,,1.28,,0.13,,9.7,,1993,,9.846153846,,,
7/20/1993,6,1,,0.86,,0.1,,8.4,,1993,,8.6,,,
7/20/1993,6,2,,0.95,,0.11,,8.3,,1993,,8.636363636,,,
7/20/1993,6,3,,0.96,,0.11,,8.5,,1993,,8.727272727,,,
7/20/1993,6,4,,0.92,,0.11,,8.3,,1993,,8.363636364,,,
7/20/1993,6,5,,0.76,,0.09,,8.2,,1993,,8.444444444,,,
7/20/1993,6,6,,0.8,,0.09,,8.5,,1993,,8.888888889,,,
7/20/1993,7,1,,0.66,,0.08,,8.1,,1993,,8.25,,,
7/20/1993,7,2,,1.06,,0.11,,8.9,,1993,,9.636363636,,,
7/20/1993,7,3,,0.88,,0.1,,8.7,,1993,,8.8,,,
7/20/1993,7,4,,0.74,,0.08,,8.4,,1993,,9.25,,,
7/20/1993,7,5,,0.98,,0.1,,9,,1993,,9.8,,,
7/20/1993,7,6,,1.05,,0.11,,9.2,,1993,,9.545454545,,,
7/20/1993,8,1,,1.56,,0.14,,10.7,,1993,,11.14285714,,,
7/20/1993,8,2,,1.46,,0.14,,10.2,,1993,,10.42857143,,,
7/20/1993,8,3,,1.53,,0.13,,11.2,,1993,,11.76923077,,,
7/20/1993,8,4,,1.26,,0.12,,10.2,,1993,,10.5,,,
7/20/1993,CF ,1,,1.52,,0.09,,16.8,,1993,,16.88888889,,,
7/20/1993,CF ,2,,1.39,,0.1,,13.8,,1993,,13.9,,,
7/20/1993,CF ,3,,1.23,,0.1,,11.7,,1993,,12.3,,,
7/20/1993,DF ,1,,1.51,,0.12,,11.9,,1993,,12.58333333,,,
7/20/1993,SF ,1,,0.79,,0.08,,8.9,,1993,,9.875,,,
7/20/1993,DF ,2,,1.64,,0.12,,12.8,,1993,,13.66666667,,,
4/22/1993,4,4,,0.32,,0.03,,9.5,,1993,,10.66666667,,,
4/22/1993,4,3,,0.23,,0.02,,8.5,,1993,,11.5,,,
4/22/1993,4,2,,0.29,,0.03,,9.2,,1993,,9.666666667,,,
4/22/1993,1,3,,0.3,,0.03,,9.3,,1993,,10,,,
4/22/1993,1,2,,0.29,,0.03,,9.7,,1993,,9.666666667,,,
4/22/1993,1,1,,0.23,,0.02,,9.4,,1993,,11.5,,,
4/22/1993,4,1,,0.31,,0.03,,8.6,,1993,,10.33333333,,,
4/22/1993,3,6,,0.25,,0.03,,8.4,,1993,,8.333333333,,,
4/22/1993,3,5,,0.33,,0.03,,9.1,,1993,,11,,,
4/22/1993,3,4,,0.24,,0.02,,8.8,,1993,,12,,,
4/22/1993,3,3,,0.24,,0.02,,9.3,,1993,,12,,,
4/22/1993,3,2,,0.29,,0.02,,10,,1993,,14.5,,,
4/22/1993,3,1,,0.25,,0.02,,9.3,,1993,,12.5,,,
4/22/1993,2,6,,0.38,,0.04,,9.2,,1993,,9.5,,,
4/22/1993,2,5,,0.28,,0.03,,8.4,,1993,,9.333333333,,,
4/22/1993,2,4,,0.38,,0.03,,9.9,,1993,,12.66666667,,,
4/22/1993,2,3,,0.37,,0.03,,9.8,,1993,,12.33333333,,,
4/22/1993,2,2,,0.25,,0.02,,8.8,,1993,,12.5,,,
4/22/1993,2,1,,0.31,,0.03,,9.6,,1993,,10.33333333,,,
4/22/1993,1,6,,0.19,,0.02,,7.6,,1993,,9.5,,,
4/22/1993,1,5,,0.27,,0.03,,8.3,,1993,,9,,,
4/22/1993,1,4,,0.27,,0.03,,9.1,,1993,,9,,,
4/22/1993,8,4,,0.37,,0.03,,11,,1993,,12.33333333,,,
4/22/1993,8,3,,0.31,,0.02,,10.9,,1993,,15.5,,,
4/22/1993,8,2,,0.39,,0.03,,11.1,,1993,,13,,,
4/22/1993,8,1,,0.28,,0.02,,10.6,,1993,,14,,,
4/22/1993,7,6,,0.38,,0.04,,9.4,,1993,,9.5,,,
4/22/1993,7,5,,0.28,,0.03,,8.2,,1993,,9.333333333,,,
4/22/1993,7,4,,0.33,,0.03,,9.4,,1993,,11,,,
4/22/1993,7,3,,0.28,,0.02,,9.8,,1993,,14,,,
4/22/1993,7,2,,0.24,,0.02,,9,,1993,,12,,,
4/22/1993,7,1,,0.16,,0.01,,8.8,,1993,,16,,,
4/22/1993,6,6,,0.25,,0.02,,8.4,,1993,,12.5,,,
4/22/1993,6,5,,0.28,,0.03,,8.3,,1993,,9.333333333,,,
4/22/1993,6,4,,0.31,,0.03,,9.1,,1993,,10.33333333,,,
4/22/1993,6,3,,0.3,,0.03,,9.3,,1993,,10,,,
4/22/1993,6,2,,0.26,,0.03,,8.9,,1993,,8.666666667,,,
4/22/1993,6,1,,0.28,,0.03,,9,,1993,,9.333333333,,,
4/22/1993,5,6,,0.38,,0.04,,9.6,,1993,,9.5,,,
4/22/1993,5,5,,0.26,,0.02,,9.4,,1993,,13,,,
4/22/1993,5,4,,0.24,,0.02,,9.6,,1993,,12,,,
4/22/1993,5,3,,0.15,,0.01,,8.6,,1993,,15,,,
4/22/1993,5,2,,0.22,,0.02,,9.9,,1993,,11,,,
4/22/1993,5,1,,0.27,,0.02,,9.9,,1993,,13.5,,,
4/22/1993,4,6,,0.3,,0.03,,8.8,,1993,,10,,,
4/22/1993,4,5,,0.29,,0.03,,8.6,,1993,,9.666666667,,,
4/14/1992,6,6,,0.93,,0.1,,9.1,,1992,,9.3,,,
4/14/1992,8,4,,1.67,,0.15,,10.8,,1992,,11.13333333,,,
4/14/1992,8,3,,1.4,,0.11,,12.5,,1992,,12.72727273,,,
4/14/1992,8,2,,1.34,,0.11,,11.7,,1992,,12.18181818,,,
4/14/1992,8,1,,1.49,,0.12,,12.1,,1992,,12.41666667,,,
4/14/1992,7,6,,0.94,,0.1,,8.9,,1992,,9.4,,,
4/14/1992,7,5,,0.9,,0.09,,9.1,,1992,,10,,,
4/14/1992,7,4,,1,,0.1,,9.3,,1992,,10,,,
4/14/1992,7,3,,0.94,,0.09,,10.4,,1992,,10.44444444,,,
4/14/1992,7,2,,1,,0.1,,9.4,,1992,,10,,,
4/14/1992,7,1,,0.65,,0.06,,10.4,,1992,,10.83333333,,,
4/14/1992,6,5,,0.99,,0.11,,9,,1992,,9,,,
4/14/1992,6,4,,0.76,,0.08,,8.9,,1992,,9.5,,,
4/14/1992,6,3,,0.8,,0.08,,9.9,,1992,,10,,,
4/14/1992,6,2,,0.86,,0.08,,9.7,,1992,,10.75,,,
4/14/1992,6,1,,0.9,,0.09,,9.9,,1992,,10,,,
4/14/1992,5,6,,1.2,,0.12,,9.7,,1992,,10,,,
4/14/1992,5,5,,0.8,,0.08,,9.4,,1992,,10,,,
4/14/1992,5,4,,0.87,,0.09,,9.5,,1992,,9.666666667,,,
4/14/1992,5,3,,0.66,,0.06,,9.6,,1992,,11,,,
4/14/1992,5,2,,0.69,,0.06,,10.4,,1992,,11.5,,,
4/14/1992,5,1,,0.94,,0.09,,10.5,,1992,,10.44444444,,,
4/14/1992,4,6,,0.97,,0.1,,9.3,,1992,,9.7,,,
4/14/1992,4,5,,0.99,,0.1,,9.1,,1992,,9.9,,,
4/14/1992,4,4,,1.05,,0.09,,10.8,,1992,,11.66666667,,,
4/14/1992,4,3,,1,,0.09,,10.4,,1992,,11.11111111,,,
4/14/1992,4,2,,0.89,,0.09,,9.7,,1992,,9.888888889,,,
4/14/1992,4,1,,0.87,,0.09,,9.6,,1992,,9.666666667,,,
4/14/1992,3,6,,0.86,,0.09,,8.8,,1992,,9.555555556,,,
4/14/1992,3,5,,1.13,,0.11,,9.8,,1992,,10.27272727,,,
4/14/1992,3,4,,0.97,,0.09,,10.6,,1992,,10.77777778,,,
4/14/1992,3,3,,0.9,,0.09,,9.7,,1992,,10,,,
4/14/1992,3,2,,0.83,,0.08,,10.2,,1992,,10.375,,,
4/14/1992,3,1,,0.8,,0.08,,9.9,,1992,,10,,,
4/14/1992,2,6,,0.91,,0.09,,9.2,,1992,,10.11111111,,,
4/14/1992,2,5,,0.85,,0.09,,8.9,,1992,,9.444444444,,,
4/14/1992,2,4,,1.01,,0.09,,10.6,,1992,,11.22222222,,,
4/14/1992,2,3,,1.03,,0.1,,10.1,,1992,,10.3,,,
4/14/1992,2,2,,0.67,,0.06,,9.8,,1992,,11.16666667,,,
4/14/1992,2,1,,0.87,,0.09,,9.5,,1992,,9.666666667,,,
4/14/1992,1,6,,0.72,,0.08,,8.8,,1992,,9,,,
4/14/1992,1,5,,0.81,,0.09,,8.9,,1992,,9,,,
4/14/1992,1,4,,0.68,,0.07,,9.7,,1992,,9.714285714,,,
4/14/1992,1,3,,1.07,,0.1,,10.5,,1992,,10.7,,,
4/14/1992,1,2,,0.79,,0.07,,10.5,,1992,,11.28571429,,,
4/14/1992,1,1,,0.63,,0.06,,9.4,,1992,,10.5,,,
4/22/1991,5,5,,0.74,,0.09,,8.2,,1991,,8.222222222,,,
4/22/1991,5,4,,0.83,,0.09,,8.7,,1991,,9.222222222,,,
4/22/1991,5,3,,0.81,,0.09,,8.7,,1991,,9,,,
4/22/1991,5,2,,0.75,,0.08,,8.9,,1991,,9.375,,,
4/22/1991,5,1,,0.9,,0.09,,9.2,,1991,,10,,,
4/22/1991,4,6,,0.85,,0.09,,8.7,,1991,,9.444444444,,,
4/22/1991,4,5,,0.83,,0.1,,8,,1991,,8.3,,,
4/22/1991,4,4,,0.75,,0.09,,8.3,,1991,,8.333333333,,,
4/22/1991,4,3,,0.93,,0.1,,8.8,,1991,,9.3,,,
4/22/1991,4,2,,0.88,,0.09,,9,,1991,,9.777777778,,,
4/22/1991,4,1,,1.1,,0.12,,9,,1991,,9.166666667,,,
4/22/1991,3,6,,0.74,,0.09,,7.7,,1991,,8.222222222,,,
4/22/1991,3,5,,0.95,,0.1,,8.7,,1991,,9.5,,,
4/22/1991,3,4,,0.82,,0.09,,8.4,,1991,,9.111111111,,,
4/22/1991,3,3,,0.82,,0.09,,8.5,,1991,,9.111111111,,,
4/22/1991,3,2,,1.08,,0.11,,9.3,,1991,,9.818181818,,,
4/22/1991,3,1,,0.9,,0.09,,9.4,,1991,,10,,,
4/22/1991,2,6,,0.9,,0.1,,8.9,,1991,,9,,,
4/22/1991,2,5,,0.88,,0.09,,9,,1991,,9.777777778,,,
4/22/1991,2,4,,1.07,,0.11,,9.1,,1991,,9.727272727,,,
4/22/1991,2,3,,1.07,,0.11,,9,,1991,,9.727272727,,,
4/22/1991,2,2,,0.78,,0.09,,8.3,,1991,,8.666666667,,,
4/22/1991,2,1,,1.02,,0.11,,9.1,,1991,,9.272727273,,,
4/22/1991,1,6,,0.6,,0.07,,7.7,,1991,,8.571428571,,,
4/22/1991,1,5,,0.84,,0.09,,8.7,,1991,,9.333333333,,,
4/22/1991,1,4,,0.8,,0.09,,8.4,,1991,,8.888888889,,,
4/22/1991,1,3,,1.16,,0.12,,9.2,,1991,,9.666666667,,,
4/22/1991,1,2,,0.91,,0.1,,8.9,,1991,,9.1,,,
4/22/1991,1,1,,0.76,,0.08,,8.7,,1991,,9.5,,,
4/22/1991,7,1,,0.64,,0.07,,8.3,,1991,,9.142857143,,,
4/22/1991,6,6,,1.02,,0.11,,9,,1991,,9.272727273,,,
4/22/1991,6,5,,1.01,,0.11,,8.7,,1991,,9.181818182,,,
4/22/1991,6,4,,0.84,,0.1,,8.2,,1991,,8.4,,,
4/22/1991,6,3,,1.01,,0.11,,8.8,,1991,,9.181818182,,,
4/22/1991,8,4,,1.18,,0.12,,9.5,,1991,,9.833333333,,,
4/22/1991,6,2,,0.94,,0.11,,8.5,,1991,,8.545454545,,,
4/22/1991,6,1,,1.09,,0.11,,9.4,,1991,,9.909090909,,,
4/22/1991,5,6,,1.31,,0.13,,9.6,,1991,,10.07692308,,,
4/22/1991,7,2,,0.89,,0.1,,8.6,,1991,,8.9,,,
4/22/1991,7,3,,0.85,,0.09,,8.6,,1991,,9.444444444,,,
4/22/1991,7,4,,1.02,,0.1,,9.5,,1991,,10.2,,,
4/22/1991,7,5,,0.77,,0.09,,8,,1991,,8.555555556,,,
4/22/1991,7,6,,1.15,,0.13,,8.9,,1991,,8.846153846,,,
4/22/1991,8,1,,1.23,,0.11,,10.4,,1991,,11.18181818,,,
4/22/1991,8,2,,1.39,,0.12,,10.8,,1991,,11.58333333,,,
4/22/1991,8,3,,1.59,,0.15,,10.1,,1991,,10.6,,,
9/18/1990,5,5,,0.76,,0.08,,8.7,,1990,,9.5,,,
9/18/1990,8,4,,1.38,,0.13,,10,,1990,,10.61538462,,,
9/18/1990,8,3,,1.62,,0.14,,11.4,,1990,,11.57142857,,,
9/18/1990,8,2,,1.52,,0.14,,10.6,,1990,,10.85714286,,,
9/18/1990,8,1,,1.71,,0.16,,10.6,,1990,,10.6875,,,
9/18/1990,7,6,,1.03,,0.11,,8.7,,1990,,9.363636364,,,
9/18/1990,7,5,,0.88,,0.1,,8.3,,1990,,8.8,,,
9/18/1990,7,4,,0.77,,0.09,,8,,1990,,8.555555556,,,
9/18/1990,7,3,,0.88,,0.1,,8.7,,1990,,8.8,,,
9/18/1990,7,2,,0.8,,0.09,,8.2,,1990,,8.888888889,,,
9/18/1990,7,1,,0.62,,0.07,,8.2,,1990,,8.857142857,,,
9/18/1990,6,6,,0.79,,0.09,,8.5,,1990,,8.777777778,,,
9/18/1990,6,5,,0.82,,0.1,,7.9,,1990,,8.2,,,
9/18/1990,6,4,,0.83,,0.09,,9,,1990,,9.222222222,,,
9/18/1990,3,6,,0.81,,0.1,,7.9,,1990,,8.1,,,
9/18/1990,3,5,,0.95,,0.1,,9.3,,1990,,9.5,,,
9/18/1990,3,4,,0.81,,0.09,,8.9,,1990,,9,,,
9/18/1990,3,3,,0.89,,0.1,,8.8,,1990,,8.9,,,
9/18/1990,3,2,,0.7,,0.07,,9.1,,1990,,10,,,
9/18/1990,3,1,,0.73,,0.08,,8.6,,1990,,9.125,,,
9/18/1990,2,6,,0.92,,0.1,,8.7,,1990,,9.2,,,
9/18/1990,2,5,,0.82,,0.1,,8.2,,1990,,8.2,,,
9/18/1990,2,4,,1.04,,0.11,,8.9,,1990,,9.454545455,,,
9/18/1990,2,3,,1.11,,0.12,,9.1,,1990,,9.25,,,
9/18/1990,6,3,,0.82,,0.09,,8.5,,1990,,9.111111111,,,
9/18/1990,2,2,,0.67,,0.08,,8.4,,1990,,8.375,,,
9/18/1990,2,1,,0.87,,0.1,,8.6,,1990,,8.7,,,
9/18/1990,1,6,,0.63,,0.08,,7.9,,1990,,7.875,,,
9/18/1990,1,5,,0.79,,0.09,,8.5,,1990,,8.777777778,,,
9/18/1990,1,4,,0.75,,0.08,,8.9,,1990,,9.375,,,
9/18/1990,1,3,,1.07,,0.12,,8.7,,1990,,8.916666667,,,
9/18/1990,1,2,,0.88,,0.1,,8.8,,1990,,8.8,,,
9/18/1990,1,1,,0.71,,0.08,,8.6,,1990,,8.875,,,
9/18/1990,4,1,,0.96,,0.1,,9.4,,1990,,9.6,,,
9/18/1990,4,2,,0.87,,0.1,,8.5,,1990,,8.7,,,
9/18/1990,4,3,,0.9,,0.1,,8.9,,1990,,9,,,
9/18/1990,4,4,,0.79,,0.09,,8.3,,1990,,8.777777778,,,
9/18/1990,4,5,,0.75,,0.09,,8.2,,1990,,8.333333333,,,
9/18/1990,4,6,,0.78,,0.09,,8.5,,1990,,8.666666667,,,
9/18/1990,5,1,,0.82,,0.09,,9,,1990,,9.111111111,,,
9/18/1990,5,2,,0.66,,0.08,,7.9,,1990,,8.25,,,
9/18/1990,5,3,,0.6,,0.07,,8,,1990,,8.571428571,,,
9/18/1990,5,4,,0.73,,0.08,,8.5,,1990,,9.125,,,
9/18/1990,5,6,,1.29,,0.13,,9.3,,1990,,9.923076923,,,
9/18/1990,6,1,,0.92,,0.1,,9.1,,1990,,9.2,,,
9/18/1990,6,2,,0.73,,0.09,,8,,1990,,8.111111111,,,
10/29/1989,2,5,,1.14,,0.11,,10.4,,1989,,10.36363636,,,
10/29/1989,8,4,,2.35,,0.19,,12,,1989,,12.36842105,,,
10/29/1989,8,3,,2.37,,0.21,,11.3,,1989,,11.28571429,,,
10/29/1989,8,2,,2.49,,0.2,,12.3,,1989,,12.45,,,
10/29/1989,8,1,,2.14,,0.19,,10.8,,1989,,11.26315789,,,
10/29/1989,7,6,,1.4,,0.12,,11,,1989,,11.66666667,,,
10/29/1989,7,5,,1.22,,0.1,,11.3,,1989,,12.2,,,
10/29/1989,7,4,,1.12,,0.1,,11,,1989,,11.2,,,
10/29/1989,7,3,,1,,0.11,,8.8,,1989,,9.090909091,,,
10/29/1989,7,2,,0.89,,0.11,,8.1,,1989,,8.090909091,,,
10/29/1989,7,1,,0.73,,0.08,,8.7,,1989,,9.125,,,
10/29/1989,6,6,,1.17,,0.1,,10.9,,1989,,11.7,,,
10/29/1989,6,5,,1.1,,0.1,,10.6,,1989,,11,,,
10/29/1989,1,2,,0.82,,0.1,,8,,1989,,8.2,,,
10/29/1989,6,3,,0.97,,0.11,,8.5,,1989,,8.818181818,,,
10/29/1989,6,2,,0.79,,0.09,,8.2,,1989,,8.777777778,,,
10/29/1989,6,1,,1.06,,0.1,,10.5,,1989,,10.6,,,
10/29/1989,5,6,,1.35,,0.12,,10.7,,1989,,11.25,,,
10/29/1989,5,5,,0.79,,0.09,,8.4,,1989,,8.777777778,,,
10/29/1989,5,4,,0.77,,0.1,,7.5,,1989,,7.7,,,
10/29/1989,5,3,,0.72,,0.09,,7.3,,1989,,8,,,
10/29/1989,5,2,,0.65,,0.08,,7.3,,1989,,8.125,,,
10/29/1989,5,1,,0.88,,0.1,,8.6,,1989,,8.8,,,
10/29/1989,4,4,,1.08,,0.12,,8.7,,1989,,9,,,
10/29/1989,4,6,,1.19,,0.1,,10.9,,1989,,11.9,,,
10/29/1989,1,1,,0.79,,0.09,,8.5,,1989,,8.777777778,,,
10/29/1989,4,3,,1.08,,0.12,,8.9,,1989,,9,,,
10/29/1989,4,2,,1.03,,0.12,,8.5,,1989,,8.583333333,,,
10/29/1989,4,1,,1.1,,0.11,,9.3,,1989,,10,,,
10/29/1989,3,6,,1.18,,0.11,,10.6,,1989,,10.72727273,,,
10/29/1989,3,5,,1.11,,0.1,,10.9,,1989,,11.1,,,
10/29/1989,3,4,,0.97,,0.12,,8.1,,1989,,8.083333333,,,
10/29/1989,3,3,,0.94,,0.11,,8.6,,1989,,8.545454545,,,
10/29/1989,3,2,,1.08,,0.09,,11.3,,1989,,12,,,
10/29/1989,6,4,,1.02,,0.09,,10.5,,1989,,11.33333333,,,
10/29/1989,2,6,,1.24,,0.11,,10.8,,1989,,11.27272727,,,
10/29/1989,3,1,,0.86,,0.09,,8.6,,1989,,9.555555556,,,
10/29/1989,2,4,,1.09,,0.12,,8.8,,1989,,9.083333333,,,
10/29/1989,2,3,,1.27,,0.14,,8.7,,1989,,9.071428571,,,
10/29/1989,2,2,,0.75,,0.09,,8.2,,1989,,8.333333333,,,
10/29/1989,2,1,,1.05,,0.11,,9.2,,1989,,9.545454545,,,
10/29/1989,1,6,,0.95,,0.08,,10.8,,1989,,11.875,,,
10/29/1989,1,5,,0.98,,0.09,,10.6,,1989,,10.88888889,,,
10/29/1989,1,4,,0.81,,0.1,,7.9,,1989,,8.1,,,
10/29/1989,1,3,,1.12,,0.12,,8.7,,1989,,9.333333333,,,
10/29/1989,4,5,,1.27,,0.11,,11,,1989,,11.54545455,,,
6/21/1989,8,4,,1.65,,0.15,,10.9,,1989,,11,,,
6/21/1989,4,5,,1.02,,0.1,,10.1,,1989,,10.2,,,
6/21/1989,4,4,,0.97,,0.09,,9.7,,1989,,10.77777778,,,
6/21/1989,4,3,,1.13,,0.11,,10.2,,1989,,10.27272727,,,
6/21/1989,4,2,,0.96,,0.1,,9.6,,1989,,9.6,,,
6/21/1989,4,6,,1.02,,0.1,,9.4,,1989,,10.2,,,
6/21/1989,5,1,,0.93,,0.09,,9.5,,1989,,10.33333333,,,
6/21/1989,5,2,,0.65,,0.07,,9.2,,1989,,9.285714286,,,
6/21/1989,5,3,,0.65,,0.07,,9.1,,1989,,9.285714286,,,
6/21/1989,5,4,,0.74,,0.08,,9,,1989,,9.25,,,
6/21/1989,5,5,,0.95,,0.09,,10,,1989,,10.55555556,,,
6/21/1989,5,6,,1.24,,0.12,,9.7,,1989,,10.33333333,,,
6/21/1989,6,1,,1.02,,0.1,,9.9,,1989,,10.2,,,
6/21/1989,6,2,,0.78,,0.08,,9.5,,1989,,9.75,,,
6/21/1989,4,1,,1.13,,0.11,,9.8,,1989,,10.27272727,,,
6/21/1989,3,6,,0.91,,0.09,,9.5,,1989,,10.11111111,,,
6/21/1989,3,5,,1.02,,0.1,,9.5,,1989,,10.2,,,
6/21/1989,3,4,,0.97,,0.09,,10.4,,1989,,10.77777778,,,
6/21/1989,3,3,,1.13,,0.1,,10.3,,1989,,11.3,,,
6/21/1989,3,2,,0.79,,0.08,,9.5,,1989,,9.875,,,
6/21/1989,3,1,,0.89,,0.08,,10.1,,1989,,11.125,,,
6/21/1989,2,6,,1.03,,0.1,,9.9,,1989,,10.3,,,
6/21/1989,2,5,,0.92,,0.1,,9.2,,1989,,9.2,,,
6/21/1989,2,4,,1.14,,0.11,,9.7,,1989,,10.36363636,,,
6/21/1989,2,3,,1.24,,0.12,,10.1,,1989,,10.33333333,,,
6/21/1989,2,2,,0.66,,0.07,,8.7,,1989,,9.428571429,,,
6/21/1989,2,1,,0.96,,0.09,,9.7,,1989,,10.66666667,,,
6/21/1989,1,6,,0.74,,0.08,,9.2,,1989,,9.25,,0.898333333,10.00900488
6/21/1989,1,5,,0.83,,0.09,,8.9,,1989,,9.222222222,,,
6/21/1989,1,4,,0.75,,0.07,,9.5,,1989,,10.71428571,,,
6/21/1989,1,3,,1.29,,0.13,,9.9,,1989,,9.923076923,,,
6/21/1989,1,2,,0.94,,0.09,,9.6,,1989,,10.44444444,,,
6/21/1989,1,1,,0.84,,0.08,,9.9,,1989,,10.5,,,
6/21/1989,6,3,,0.95,,0.09,,9.7,,1989,,10.55555556,,,
6/21/1989,6,4,,0.87,,0.09,,9.1,,1989,,9.666666667,,,
6/21/1989,6,5,,0.96,,0.1,,9.3,,1989,,9.6,,,
6/21/1989,6,6,,0.87,,0.09,,9.4,,1989,,9.666666667,,,
6/21/1989,7,1,,0.64,,0.06,,9.4,,1989,,10.66666667,,,
6/21/1989,7,2,,1.02,,0.1,,9.6,,1989,,10.2,,,
6/21/1989,7,3,,1.06,,0.09,,10.7,,1989,,11.77777778,,,
6/21/1989,7,4,,0.8,,0.08,,9.1,,1989,,10,,,
6/21/1989,7,5,,1.05,,0.11,,9,,1989,,9.545454545,,,
6/21/1989,7,6,,1.23,,0.13,,9.4,,1989,,9.461538462,,,
6/21/1989,8,1,,1.96,,0.16,,11.6,,1989,,12.25,,,
6/21/1989,8,2,,2.09,,0.17,,12.1,,1989,,12.29411765,,,
6/21/1989,8,3,,1.76,,0.15,,11.2,,1989,,11.73333333,,,
