"Month","Year","Calc_TAVG","PRCP","TM_OPE_down","TM_OPE","DA_OPE","Te_OPE"
1,1900,-2.44,44.8,0,0,19.3,35.1
2,1900,-6.61,76.2,0,0,20.8,39.7
3,1900,-3.07,50.2,0,0,42.7,65.4
4,1900,9.75,51.6,47.415,54.5,129.2,115.1
5,1900,16.05,101.9,101.79,117,201.7,170.6
6,1900,19.27,78.4,130.065,149.5,219.6,193.3
7,1900,22.24,198.3,157.818,181.4,213.7,223.8
8,1900,24.84,70.4,170.607,196.1,203.7,223.8
9,1900,19.09,8.4,106.053,121.9,160.7,137
10,1900,15.03,80.5,71.775,82.5,104.7,87.1
11,1900,3.13,125.5,8.004,9.2,32,42.9
12,1900,-1.98,9.6,0,0,16.4,31.4
1,1901,-4.04,33.4,0,0,17.9,33.7
2,1901,-8.18,68.8,0,0,14,38.1
3,1901,1.66,48.5,5.22,6,65,73.9
4,1901,8.57,11.6,42.978,49.4,121.9,111
5,1901,14.06,57.2,89.175,102.5,166.2,155.6
6,1901,22.29,54.9,158.775,182.5,210.8,236.9
7,1901,25.75,84.2,191.226,219.8,271.9,264.4
8,1901,19.9,33.8,130.326,149.8,178.2,175.2
9,1901,17.86,1.6,99.702,114.6,117.1,128.4
10,1901,10.92,73.1,50.112,57.6,95.1,75.9
11,1901,2.96,7.9,8.526,9.8,37.6,41.8
12,1901,-4.07,76.2,0,0,15.3,30.3
1,1902,-4.09,12.8,0,0,23.9,33.3
2,1902,-4.92,20.5,0,0,24.5,41.3
3,1902,3.76,56.9,15.312,17.6,72.2,77.3
4,1902,8.17,47.7,42.021,48.3,116.6,109.6
5,1902,17.55,87.3,118.755,136.5,244.2,178.1
6,1902,19.14,132.4,132.849,152.7,198.6,191.6
7,1902,22.6,158.4,163.56,188,210.7,225.2
8,1902,19.95,52.4,131.892,151.6,179.8,177.5
9,1902,15.27,129.8,83.52,96,108.1,116.2
10,1902,10.35,75.6,48.285,55.5,72.2,74.6
11,1902,6.78,92.8,24.795,28.5,34.1,46.9
12,1902,-3.07,103.1,0,0,13.1,30.9
1,1903,-5.45,72.5,0,0,15.1,33.1
2,1903,-4.77,60.1,0,0,20.5,41.2
3,1903,1.31,48.3,4.959,5.7,63.8,72
4,1903,7.81,123.6,42.021,48.3,108.6,107.4
5,1903,16,63.4,108.663,124.9,178.6,168.8
6,1903,17.84,45.7,124.236,142.8,194.1,183.5
7,1903,22.1,94.4,160.515,184.5,236.1,220.1
8,1903,20.1,85.4,134.763,154.9,176.4,178.2
9,1903,17.53,75.54,100.485,115.5,149.5,125.2
10,1903,10.31,18.77,50.112,57.6,85.6,74.7
11,1903,1.95,70.6,6.177,7.1,37.2,42.1
12,1903,-6.15,144.9,0,0,13.1,29.2
1,1904,-5.26,46.88,0,0,17.9,32.5
2,1904,-8.86,48.7,0,0,20.6,39.5
3,1904,0.59,112.6,1.914,2.2,58.7,72.3
4,1904,5.72,83.8,29.319,33.7,108.1,102.7
5,1904,14.96,67.6,100.485,115.5,205.8,161.9
6,1904,19.09,29.1,134.415,154.5,224.8,190.5
7,1904,22.08,69,160.341,184.3,218.6,220.3
8,1904,19.57,85.2,130.587,150.1,202.1,172.6
9,1904,17.15,78.2,97.962,112.6,133.6,124
10,1904,10.62,46.8,51.852,59.6,78.8,76
11,1904,4.08,12.7,14.616,16.8,42.9,43.1
12,1904,-3.39,71.1,0,0,13.9,30.3
1,1905,-7.54,58.2,0,0,12.6,31.2
2,1905,-9.26,55.9,0,0,13.9,38
3,1905,3.39,40.6,13.137,15.1,83.5,78.8
4,1905,7.77,69.3,38.802,44.6,119.8,107.8
5,1905,14.32,142.5,92.046,105.8,184.2,157.2
6,1905,20.11,111.6,140.418,161.4,214.3,200.2
7,1905,21.26,111.2,151.467,174.1,220.1,210.5
8,1905,21.94,59.7,147.465,169.5,202.6,192
9,1905,19,136.62,108.141,124.3,157.4,132
10,1905,12.07,84.94,57.42,66,93.6,80.1
11,1905,3.66,115.95,11.484,13.2,40,42.3
12,1905,-1.3,27.5,0,0,19.2,32
1,1906,-0.57,77,0,0,26.7,36.7
2,1906,-4.04,37.4,0,0,30.7,42.7
3,1906,-2.59,59.8,0,0,40.9,66
4,1906,9.69,59.1,51.591,59.3,132.7,113.3
5,1906,14.93,92.9,97.701,112.3,186.1,164.3
6,1906,18.68,119.9,129.021,148.3,184.9,188.9
7,1906,21,44.9,149.727,172.1,217.3,207.6
8,1906,22.42,97.88,151.815,174.5,201.4,197.5
9,1906,20.09,35,116.232,133.6,164.9,140.5
10,1906,9.6,66.8,44.109,50.7,78.6,74.8
11,1906,3.58,63.3,11.484,13.2,33.6,42.2
12,1906,-1.88,64.9,0,0,19,31.3
1,1907,-3.59,77.3,0,0,18.6,34.5
2,1907,-5.38,22.9,0,0,24.4,40.8
3,1907,4.65,60.5,23.751,27.3,85,82.2
4,1907,3.67,45.8,19.662,22.6,89.8,96.3
5,1907,10.43,73,69.948,80.4,151.6,138.6
6,1907,18.43,69.6,131.805,151.5,202.5,188.5
7,1907,21.45,177.8,156.948,180.4,182.2,211.5
8,1907,19.57,64.3,132.936,152.8,169.4,174.1
9,1907,16.31,136.7,95.091,109.3,95.3,122.9
10,1907,9.22,46.8,46.893,53.9,75.9,73.3
11,1907,2.81,47.3,10.875,12.5,29.5,41.5
12,1907,-1.68,111,0,0,18,31.8
1,1908,-3.52,29.2,0,0,18,34
2,1908,-6.22,91.46,0,0,23.6,41.4
3,1908,2.91,62.6,10.527,12.1,66.4,76.5
4,1908,8.59,42.6,43.065,49.5,129.4,111.1
5,1908,14.98,228.8,96.396,110.8,164.2,165
6,1908,19.57,34.6,135.198,155.4,206.9,197.7
7,1908,22.51,27.9,161.994,186.2,209,223.7
8,1908,20.89,111.2,138.417,159.1,193.9,186.8
9,1908,20.08,39.4,115.188,132.4,161.4,139.8
10,1908,11.89,17.2,55.68,64,92,78
11,1908,4.65,82.6,14.964,17.2,39.2,43.6
12,1908,-1.83,65.22,0,0,18,31.6
1,1909,-2.79,46.5,0,0,20.1,34.9
2,1909,-2,73.4,0,0,26.4,43.4
3,1909,0.09,53.26,0.261,0.3,46.9,70
4,1909,6.64,193.2,34.8,40,104.1,104
5,1909,13.86,65.8,91.959,105.7,175.7,155.7
6,1909,19.73,183.5,139.635,160.5,179.8,199.3
7,1909,20.99,101.1,151.206,173.8,207,208.2
8,1909,21.22,100.7,143.463,164.9,176.9,186.8
9,1909,15.87,66.6,89.523,102.9,118.9,119.8
10,1909,8.76,52.6,41.499,47.7,74.1,72.1
11,1909,7.35,96,28.971,33.3,43.4,47.5
12,1909,-6.12,93,0,0,11.7,29.1
1,1910,-5.19,44.9,0,0,15,33
2,1910,-5.19,33,0,0,21.6,40.5
3,1910,8.17,8.9,37.584,43.2,105,89.8
4,1910,10.39,83.8,54.549,62.7,125.6,116.5
5,1910,11.93,138.1,72.819,83.7,149.1,145.8
6,1910,19.38,35.3,133.545,153.5,204.2,201.7
7,1910,23.24,88.2,168.432,193.6,270,230.8
8,1910,21.23,65.7,141.201,162.3,213.5,186.7
9,1910,17.81,98.2,99.354,114.2,127.6,126.5
10,1910,11.94,54.2,55.941,64.3,85.7,79.5
11,1910,1.99,59.19,5.22,6,32.6,40.9
12,1910,-3.99,66,0,0,21.7,29.8
1,1911,-3.55,35.3,0,0,19.8,34.2
2,1911,-3.53,35.96,0,0,26.5,41.8
3,1911,1.72,24.6,5.046,5.8,59.7,72.4
4,1911,8.97,35,44.022,50.6,120.9,111.4
5,1911,19.52,85.88,132.414,152.2,205.7,197
6,1911,21.98,191,155.121,178.3,223.7,220.4
7,1911,23.32,15.3,168.519,193.7,266.4,241.3
8,1911,21.55,78.1,142.854,164.2,223.4,193
9,1911,18.11,92,100.224,115.2,144.2,129
10,1911,9.86,139.5,42.891,49.3,71.7,74.2
11,1911,1.21,79.4,2.61,3,29,40.5
12,1911,-2.16,61,0,0,19.7,31.8
1,1912,-9.1,46.07,0,0,11,30.4
2,1912,-8.54,45.7,0,0,15.7,40.7
3,1912,-4.88,28,0,0,44,64.2
4,1912,8.21,82.5,44.544,51.2,114.3,109.2
5,1912,14.41,125.7,96.222,110.6,182.9,159.6
6,1912,17.93,17.7,124.932,143.6,207.3,184.4
7,1912,21.42,88.9,154.773,177.9,208.5,213.6
8,1912,19.52,202.6,130.239,149.7,172.2,173.8
9,1912,18.25,115,105.27,121,139,136.2
10,1912,10.75,110.9,52.635,60.5,85.3,75
11,1912,4.18,90.1,15.051,17.3,36.1,42.9
12,1912,-0.71,51.6,0,0,21.6,32.4
1,1913,-2.7,60.3,0,0,23.4,34.7
2,1913,-5.96,48.3,0,0,21.3,40.6
3,1913,-0.16,67.3,0,0,64.4,71.1
4,1913,8.25,121.32,42.456,48.8,123.9,108.8
5,1913,13.32,143.21,85.173,97.9,173.2,151.5
6,1913,20.76,22.8,146.508,168.4,250.8,214.4
7,1913,22.61,49.6,163.647,188.1,260.1,225.7
8,1913,22.09,22.9,149.118,171.4,220.6,196
9,1913,17.25,33,96.744,111.2,152,130.6
10,1913,10.44,109.61,48.807,56.1,77.1,78
11,1913,6.21,64.8,22.272,25.6,37.7,45.7
12,1913,0.52,33,1.131,1.3,21.6,33.5
1,1914,-2.3,86.5,0,0,20.1,34.8
2,1914,-9.61,20.4,0,0,16.6,37.5
3,1914,-0.08,25.4,0,0,59.3,71.3
4,1914,7.28,72.5,37.236,42.8,114,108.6
5,1914,14.73,182,97.005,111.5,192.6,163.2
6,1914,19.71,69.8,138.243,158.9,220.1,200
7,1914,22.6,10.2,163.908,188.4,258.4,224.2
8,1914,21.01,87.6,140.853,161.9,208.5,187.1
9,1914,15.7,97.7,87.087,100.1,147.3,117.6
10,1914,12.55,59.7,61.596,70.8,91.4,81.6
11,1914,3.83,38.1,12.789,14.7,41,43.4
12,1914,-5.06,66.71,0,0,13.8,30.3
1,1915,-6.28,28.19,0,0,15.3,32
2,1915,-0.77,20.97,0,0,31.8,44.8
3,1915,-0.81,26.58,0,0,54.4,68.5
4,1915,11.45,33.78,67.164,77.2,144.5,124.7
5,1915,11.32,117.1,74.646,85.8,163.9,141.9
6,1915,16.8,54.93,117.45,135,207.9,174.7
7,1915,20.49,76.7,148.161,170.3,202.4,203.3
8,1915,18.13,138.97,120.93,139,173.6,166.2
9,1915,17.8,163,103.53,119,134.1,130.2
10,1915,10.92,26.4,54.984,63.2,84.3,75.8
11,1915,4.75,36.3,18.357,21.1,41.1,44.4
12,1915,-3.69,29.9,0,0,14.9,30.3
1,1916,-2.23,94.37,0,0,23.4,36
2,1916,-6.17,19.97,0,0,22.3,41.6
3,1916,-1.82,43.8,0,0,58.8,69.5
4,1916,8,39.97,41.673,47.9,121.3,108.9
5,1916,14.01,106.97,91.35,105,188.2,158.4
6,1916,16.23,155.73,109.707,126.1,170.6,170.5
7,1916,25.32,4.73,187.659,215.7,289.9,259.4
8,1916,22.9,76.07,156.078,179.4,233.7,206.1
9,1916,15.92,113.6,88.479,101.7,135,120.9
10,1916,9.95,62.37,46.719,53.7,87.5,74.1
11,1916,3.16,69.68,10.179,11.7,36.5,42.5
12,1916,-4.87,69.8,0,0,16.7,30.3
1,1917,-5.44,31.37,0,0,16.5,32.8
2,1917,-8.18,13.1,0,0,18.5,38.8
3,1917,1.6,69.9,8.004,9.2,65.8,74
4,1917,6.55,78.73,38.802,44.6,103.5,104.4
5,1917,10.74,50.1,74.211,85.3,163.6,142.2
6,1917,17.44,129,125.541,144.3,196.4,179.4
7,1917,21.26,108.37,156.426,179.8,214.3,215.5
8,1917,20.48,49.87,140.766,161.8,215.4,182.9
9,1917,15.64,41.12,92.22,106,149.5,117.3
10,1917,5.92,143.03,30.102,34.6,55.6,66.2
11,1917,2.75,9.83,11.31,13,38.4,41.6
12,1917,-7.04,29.3,0,0,12.2,28.6
1,1918,-12.15,52.62,0,0,5.6,28.8
2,1918,-4.62,72.2,0,0,27.1,41.9
3,1918,4.18,75.33,16.443,18.9,89.7,79
4,1918,8.58,46.95,43.065,49.5,127,108.8
5,1918,14.83,83.7,95.265,109.5,200.6,158.1
6,1918,19.99,50.55,138.765,159.5,232.3,196.3
7,1918,22.81,28.02,164.604,189.2,270.1,226.4
8,1918,24.85,93.03,171.477,197.1,242.9,233.7
9,1918,13.9,85.7,73.167,84.1,119.8,111
10,1918,12.18,86.37,57.333,65.9,88,79
11,1918,5.09,87.9,16.704,19.2,31.1,44.4
12,1918,1.59,83.87,3.915,4.5,20.5,34.3
1,1919,-1.47,11.85,0,0,22,36.2
2,1919,-1.76,43.2,0,0,25,43.4
3,1919,2.55,73.13,8.004,9.2,71.5,75.6
4,1919,8.36,82.98,39.498,45.4,114,108.6
5,1919,13.17,102.45,79.605,91.5,191.7,153.2
6,1919,23.18,51.5,165.561,190.3,248,229.6
7,1919,24.78,32.7,181.743,208.9,301.7,250
8,1919,21.43,53.13,141.375,162.5,225.9,189.9
9,1919,19.04,132.43,106.227,122.1,151.3,136.3
10,1919,12.62,77.4,57.942,66.6,84.2,82.5
11,1919,3.47,67.2,9.483,10.9,34.6,42.5
12,1919,-6.19,31.28,0,0,13,28.7
1,1920,-9.19,45.75,0,0,11.6,30.5
2,1920,-6.17,25.63,0,0,19.6,41.4
3,1920,2.51,84.32,9.048,10.4,78.1,77.9
4,1920,5,105.85,22.707,26.1,95,101.2
5,1920,13.9,45.57,88.74,102,194.9,157.6
6,1920,21.33,125.47,150.858,173.4,246.4,215.2
7,1920,21.12,72.57,150.249,172.7,254.9,208.6
8,1920,21.12,50.08,140.766,161.8,223.1,185.9
9,1920,18.98,52.32,107.967,124.1,162.4,132.3
10,1920,14.87,49.03,74.037,85.1,106.6,87.2
11,1920,3.52,62.98,10.875,12.5,30.8,42.1
12,1920,-0.44,103.33,0,0,17.7,32.8
1,1921,-1.05,30.03,0,0,21.8,36
2,1921,-1.11,25.07,0,0,26.7,44.1
3,1921,6.54,128.8,23.49,27,92.1,83.5
4,1921,11.83,111.47,57.159,65.7,142.2,123
5,1921,17.07,93.9,106.488,122.4,214.6,180.8
6,1921,23.1,109.93,162.516,186.8,258.2,231.5
7,1921,26.46,20.9,197.403,226.9,297,273.6
8,1921,21.56,99.33,139.635,160.5,212.4,189.7
9,1921,20.16,94.77,111.273,127.9,151.3,140.9
10,1921,11.39,93.37,46.893,53.9,76.8,76.8
11,1921,3.02,81.87,6.438,7.4,28.7,41.9
12,1921,-0.65,129.4,0,0,17.6,32.6
1,1922,-5.34,51.45,0,0,19.5,32.9
2,1922,-2.3,41.93,0,0,29,43.1
3,1922,3.15,94.77,10.179,11.7,69.2,75.7
4,1922,9.51,99.7,45.849,52.7,124.7,112.7
5,1922,17.83,82.07,116.667,134.1,211.8,177.5
6,1922,21.1,54.93,146.247,168.1,248.1,209
7,1922,22.18,54.4,157.209,180.7,248.2,218.6
8,1922,22.26,22.47,147.987,170.1,237.6,197.1
9,1922,19.57,58.73,109.533,125.9,170.3,143.4
10,1922,12.61,71.23,57.159,65.7,91.3,83
11,1922,5.21,64.6,15.573,17.9,31.2,44.9
12,1922,-1.87,48.17,0,0,17.6,32
1,1923,-2.11,41,0,0,17.4,34.8
2,1923,-6.58,46.47,0,0,18.4,39.4
3,1923,-0.29,69.27,0,0,55.6,69.4
4,1923,8.05,40,40.542,46.6,127.3,109.2
5,1923,14.24,108,91.437,105.1,215.5,157.6
6,1923,22.45,65.33,160.602,184.6,256.4,228
7,1923,23.55,44.6,171.564,197.2,287.1,233.9
8,1923,21.04,82.83,140.07,161,227,189.6
9,1923,17.73,166.15,99.354,114.2,128.8,128.9
10,1923,9.58,76.58,43.326,49.8,81.1,73.8
11,1923,4.25,40.83,13.746,15.8,34.7,43.2
12,1923,2.18,78.8,5.916,6.8,21.7,34.4
1,1924,-6.79,57.13,0,0,14.6,32.3
2,1924,-4.6,49.73,0,0,21.2,43
3,1924,-0.04,63.63,0,0,45.5,70.7
4,1924,8.54,82.57,47.415,54.5,128,110.2
5,1924,11.19,120.55,72.732,83.6,166.3,141.4
6,1924,19.1,154.01,135.111,155.3,204.8,192.6
7,1924,21.08,63.57,152.424,175.2,237.6,209.8
8,1924,20.88,91.08,141.288,162.4,194.6,184.1
9,1924,14.71,105.76,82.737,95.1,125.9,113
10,1924,13.81,12.65,71.079,81.7,112.6,83.1
11,1924,4.13,57.67,15.225,17.5,46.5,44.3
12,1924,-5.9,75.4,0,0,14.5,29.3
1,1925,-6.52,27.63,0,0,17.8,31.8
2,1925,-1.58,51.01,0,0,31.1,44
3,1925,2.69,61.12,10.266,11.8,79.7,76
4,1925,11.07,72.6,60.552,69.6,155.5,119.5
5,1925,12.01,23.33,75.168,86.4,210.4,146.6
6,1925,21.61,53.2,153.729,176.7,258.3,216.3
7,1925,21.94,139.07,157.818,181.4,253,221.1
8,1925,21.37,63.55,143.289,164.7,228.8,187.1
9,1925,19.81,112.6,114.318,131.4,150.1,141.5
10,1925,6.34,116.6,26.796,30.8,60.2,68.4
11,1925,2.72,63.55,8.265,9.5,35.7,42
12,1925,-3.89,55.73,0,0,15.9,30.1
1,1926,-4.22,56.27,0,0,19.2,33.9
2,1926,-2.69,80.8,0,0,25.2,42.4
3,1926,-2.51,67.67,0,0,48.8,67.2
4,1926,4.83,52.4,23.49,27,111.3,100.4
5,1926,15.07,99.56,100.485,115.5,216.6,162.7
6,1926,17.55,72.88,121.191,139.3,217.3,179.7
7,1926,22.56,79.62,163.995,188.5,252.8,225
8,1926,22.44,83.52,152.685,175.5,195.1,196.7
9,1926,17.09,132.32,96.918,111.4,125.3,125.3
10,1926,10.76,79.5,51.939,59.7,71.6,78.1
11,1926,3.09,99.22,10.266,11.8,34.2,42.4
12,1926,-4.47,41.65,0,0,16,29.9
1,1927,-5.2,38.07,0,0,15.6,33.2
2,1927,0.04,36.42,0.087,0.1,31.9,45.3
3,1927,4,48.75,16.965,19.5,69,77.6
4,1927,7.97,86.85,41.499,47.7,117.2,108.5
5,1927,13.36,121.38,86.391,99.3,170.6,153.7
6,1927,17.7,56.83,121.626,139.8,220.8,183.4
7,1927,21.83,38.9,157.296,180.8,243.8,217
8,1927,18.65,10.94,122.235,140.5,229.3,167.8
9,1927,19.83,151.45,114.927,132.1,160.8,143.4
10,1927,13.11,92.72,64.815,74.5,89.3,82.3
11,1927,6.02,159.28,21.924,25.2,39,46.1
12,1927,-2.48,93.75,0,0,18.5,31.3
1,1928,-3.72,62.36,0,0,17.2,34.4
2,1928,-2.88,38.48,0,0,25.9,44.6
3,1928,0.69,34.41,2.61,3,57,73.4
4,1928,5.7,65.97,30.537,35.1,101.9,102.6
5,1928,13.64,80.1,92.133,105.9,190.7,153.9
6,1928,16.09,133.18,111.882,128.6,181.2,170.9
7,1928,21.79,56.75,158.775,182.5,221.8,215
8,1928,21.5,85.24,146.595,168.5,208.8,190.1
9,1928,15.32,90.05,87.348,100.4,134.8,117.9
10,1928,12.06,105.14,61.596,70.8,81.7,80.3
11,1928,4.77,106.17,18.444,21.2,29.8,43.9
12,1928,-1.61,78.25,0,0,17.2,32.1
1,1929,-8.04,95.71,0,0,15,31.4
2,1929,-6.88,23.68,0,0,19.5,39.4
3,1929,5.1,64.75,23.229,26.7,79.8,80.4
4,1929,9.96,168.3,54.897,63.1,129.2,115.6
5,1929,12.96,104.7,84.216,96.8,178.3,155.7
6,1929,18.29,64.3,127.194,146.2,215.5,187.6
7,1929,22.73,66.9,165.474,190.2,256.4,226.1
8,1929,20.48,18,137.199,157.7,227.7,180.9
9,1929,17.64,43,100.572,115.6,154.6,130
10,1929,9.66,112.5,45.762,52.6,75.4,72.8
11,1929,2.21,47.9,6.96,8,29.6,41.4
12,1929,-3.8,74.17,0,0,14.3,30.1
1,1930,-6.3,38,0,0,16.7,32
2,1930,0.42,39.34,0.783,0.9,35.3,46.9
3,1930,1.44,106.9,4.437,5.1,66.5,71.8
4,1930,8.12,93.82,40.194,46.2,132.7,108.1
5,1930,15.25,85.8,98.571,113.3,191.8,163.5
6,1930,19.84,67.4,137.46,158,226.8,195.2
7,1930,23.36,30.9,169.563,194.9,283.8,237.6
8,1930,22.15,38.2,148.77,171,247.8,198.3
9,1930,18.8,19.3,106.227,122.1,164.4,134.3
10,1930,10,24.5,44.979,51.7,83.8,76.1
11,1930,5.08,53.4,16.617,19.1,45,45.2
12,1930,-2.87,19.6,0,0,15.2,30.8
1,1931,-2.5,30.1,0,0,19.1,34.7
2,1931,-0.13,27.37,0,0,32,45.1
3,1931,0.05,63.6,0,0,46.3,69.9
4,1931,7.66,28.8,34.017,39.1,117.2,106
5,1931,13.48,54.4,80.388,92.4,194.2,154.5
6,1931,21.57,93.4,149.988,172.4,232.4,221.3
7,1931,24.68,17.8,180.351,207.3,288.4,254.5
8,1931,22.57,52,150.336,172.8,239.9,203
9,1931,21.07,62.5,120.06,138,162.3,150.3
10,1931,13.08,45.2,59.334,68.2,86.3,82.8
11,1931,7.83,101.5,25.839,29.7,42.8,47.9
12,1931,1.83,54.42,3.741,4.3,23.1,34.3
1,1932,1.19,97.7,3.045,3.5,22.8,37.8
2,1932,-1.65,49.6,0,0,28.8,45.7
3,1932,-2.05,38.8,0,0,49.1,68.3
4,1932,6.89,36.8,34.191,39.3,120.5,105.4
5,1932,14.96,177.43,97.962,112.6,200.5,159.5
6,1932,21.29,101.1,151.032,173.6,244.2,209.9
7,1932,22.64,104.3,163.908,188.4,246.5,225.2
8,1932,21.85,65.6,147.117,169.1,215.3,191.5
9,1932,16.72,54.9,93.177,107.1,146.7,122.1
10,1932,10.86,141.8,51.156,58.8,75.9,75.9
11,1932,1.72,51,4.785,5.5,32.6,40.7
12,1932,-2.71,78.9,0,0,20.6,30.9
1,1933,0.22,39.6,0.348,0.4,24.7,36.8
2,1933,-4,34.1,0,0,27.7,42.5
3,1933,0.35,44.9,0.783,0.9,51.9,70.9
4,1933,8.36,81.1,41.673,47.9,123.5,108.6
5,1933,15.09,117.3,97.266,111.8,174.4,162.7
6,1933,23.2,105.4,166.779,191.7,276.8,235.5
7,1933,23.38,66.3,169.737,195.1,277.4,234.5
8,1933,20.7,91.2,136.851,157.3,228.5,182.1
9,1933,18.83,131.55,106.401,122.3,157,134.9
10,1933,9.57,173,42.63,49,83,73.3
11,1933,2.03,65.7,5.394,6.2,35.2,41.2
12,1933,-2.24,54.4,0,0,20.5,31.7
1,1934,-1.17,26.3,0,0,22.9,35.8
2,1934,-7.96,10.1,0,0,17.2,38.2
3,1934,0.33,41.8,0.522,0.6,47.2,70.4
4,1934,7.38,69.2,32.364,37.2,122.3,106.1
5,1934,17.38,45.2,112.143,128.9,248.7,177.7
6,1934,24.36,23.8,175.914,202.2,315.1,246.9
7,1934,25.4,23.3,187.311,215.3,313.8,264.9
8,1934,21.4,56,140.157,161.1,236.5,193.8
9,1934,17.93,110,97.179,111.7,140.6,127.4
10,1934,11.68,50.4,51.156,58.8,100.3,78.9
11,1934,6.33,89,19.575,22.5,45.5,45.7
12,1934,-4.24,34.8,0,0,14.8,29.9
1,1935,-4.28,58.5,0,0,18.8,33.6
2,1935,-3.71,35,0,0,24.8,41.6
3,1935,4.88,83.3,22.62,26,82.6,79.5
4,1935,6.82,39.3,35.931,41.3,118,104.7
5,1935,11.18,118.5,71.688,82.4,167.9,142.9
6,1935,17.81,123.5,123.975,142.5,202.9,182
7,1935,23.78,69,174.696,200.8,248.6,235.6
8,1935,21.5,188.5,145.638,167.4,185.2,193
9,1935,16.32,79.1,92.481,106.3,149.5,120.9
10,1935,10.23,31.6,49.677,57.1,84.3,73.6
11,1935,3.98,155.1,14.181,16.3,37,42.9
12,1935,-5.2,27.4,0,0,11.5,29.7
1,1936,-7.18,35.7,0,0,12.2,31.2
2,1936,-10.31,29.9,0,0,14.5,38.8
3,1936,2.54,15.8,8.613,9.9,70.4,76
4,1936,5.44,79.1,23.925,27.5,111.9,103.4
5,1936,16.83,25.2,110.577,127.1,227.6,174.2
6,1936,19.7,95.6,135.633,155.9,260.2,196.6
7,1936,24.8,19.8,182.352,209.6,322.5,259.4
8,1936,23.51,77.7,159.819,183.7,256.8,208.5
9,1936,18.49,153.9,103.443,118.9,147.1,132.9
10,1936,10.04,123.6,44.544,51.2,82.2,74.3
11,1936,0.66,34.8,1.305,1.5,36.2,39.5
12,1936,-0.63,70.7,0,0,23.2,32.1
1,1937,-2.76,67,0,0,23.6,34.5
2,1937,-3.25,39.9,0,0,26.4,42.2
3,1937,-1.4,24.1,0,0,51.4,67.7
4,1937,7.27,132.9,37.932,43.6,117.8,105.4
5,1937,14.4,84.1,95.265,109.5,192.7,159.3
6,1937,19.14,169.4,134.154,154.2,218.4,192.5
7,1937,22.39,53.8,162.516,186.8,258.9,223.8
8,1937,23.05,133.1,157.557,181.1,235.8,202.7
9,1937,16.68,47.9,94.221,108.3,147.6,127
10,1937,8.79,93.71,40.977,47.1,71.4,72.9
11,1937,3.04,37,10.092,11.6,40.1,42.3
12,1937,-4.22,58.3,0,0,13.3,29.9
1,1938,-5.1,43.1,0,0,18.5,32.9
2,1938,-0.81,111.2,0,0,32.2,44.4
3,1938,5.2,93.5,21.489,24.7,88.5,82.1
4,1938,8.66,47,43.5,50,125.9,113.1
5,1938,14.32,139.8,91.176,104.8,189,158.7
6,1938,18.94,164.12,129.804,149.2,220,190.6
7,1938,22.22,108.1,159.384,183.2,242.5,218.4
8,1938,23.01,99.1,155.904,179.2,219.5,203.9
9,1938,16.78,70.5,92.307,106.1,132.2,122.9
10,1938,13.34,5.9,64.206,73.8,106.7,83.1
11,1938,5.27,45.6,17.4,20,48,45.4
12,1938,-2.12,56.6,0,0,14.9,31.3
1,1939,-2.76,60.4,0,0,17.8,34.5
2,1939,-3.83,116.4,0,0,26.4,41.6
3,1939,1.15,43.3,3.828,4.4,62.8,73.2
4,1939,5.83,108.7,28.623,32.9,99.2,103.4
5,1939,16.17,33,108.402,124.6,190.5,171.2
6,1939,20.12,138.4,141.636,162.8,211,200.6
7,1939,21.82,48.3,157.209,180.7,231,216.1
8,1939,20.93,231.9,140.244,161.2,191.9,183.9
9,1939,17.7,47.9,100.398,115.4,153.6,131.5
10,1939,10.36,105.4,48.981,56.3,81.1,76.7
11,1939,2.41,25.1,7.395,8.5,31,40.7
12,1939,-0.58,38.6,0,0,17.6,32.5
1,1940,-9.22,49.9,0,0,8.5,30.5
2,1940,-4.57,10.1,0,0,20.9,42.7
3,1940,-3.44,35.8,0,0,39.1,66.1
4,1940,5.29,46.3,30.189,34.7,107.4,100.3
5,1940,11.66,123.3,80.04,92,156.2,145.2
6,1940,18.61,185.6,133.893,153.9,187.9,188
7,1940,20.99,56.4,153.729,176.7,244.9,211.7
8,1940,19.78,250.9,135.111,155.3,175.1,178.2
9,1940,14.96,28.3,87.261,100.3,125.4,115.2
10,1940,9.19,102.1,47.502,54.6,72.9,71.8
11,1940,0.82,62.8,2.958,3.4,28.4,39.8
12,1940,-1.83,54.2,0,0,16.3,31.3
1,1941,-4.62,80.43,0,0,15.9,33.1
2,1941,-5.82,47.83,0,0,21.3,39.8
3,1941,-2.36,34.7,0,0,51.4,66.6
4,1941,10.26,114.47,55.245,63.5,149.3,115.8
5,1941,15.33,124.29,100.833,115.9,214.7,164.9
6,1941,19.74,167.39,137.895,158.5,229.4,198.7
7,1941,21.91,141.21,157.557,181.1,272.4,219.6
8,1941,20.41,107.47,135.546,155.8,239.8,182.3
9,1941,17.84,153.52,100.746,115.8,166.8,128.9
10,1941,10.7,280.15,50.286,57.8,74.7,76.8
11,1941,3.37,134.39,10.701,12.3,34.3,42.2
12,1941,0.07,79.26,0.087,0.1,24.1,32.8
1,1942,-6.77,48.9,0,0,14.8,32.6
2,1942,-6.9,47.19,0,0,19.3,39.3
3,1942,2.73,155.13,10.092,11.6,60.8,74.4
4,1942,11.3,106.49,61.248,70.4,165,121.5
5,1942,15.68,151.63,102.834,118.2,195.5,167.7
6,1942,20.46,199.59,143.376,164.8,229.3,203.6
7,1942,22.45,136.9,161.82,186,241.7,224.5
8,1942,20.69,191.35,137.286,157.8,195.9,182.3
9,1942,15.87,126.12,86.826,99.8,131.4,124.3
10,1942,10.51,137.8,48.459,55.7,91.5,75.8
11,1942,4.02,114.48,12.789,14.7,40.7,43.3
12,1942,-4.81,102.65,0,0,13.9,29.1
1,1943,-6.75,74.17,0,0,16.1,31.6
2,1943,-3.22,75.05,0,0,31.3,42.2
3,1943,-0.32,121.57,0,0,63.6,72.3
4,1943,6.03,79.4,31.146,35.8,123.3,102
5,1943,12.99,222.4,85.347,98.1,161.7,150.9
6,1943,21.78,79.6,156.6,180,239.7,217.2
7,1943,21.94,134.6,159.123,182.9,251.5,216.1
8,1943,21.27,47.3,143.898,165.4,221.9,188.7
9,1943,15.38,126.2,86.304,99.2,144.1,119.4
10,1943,9.49,43.2,45.588,52.4,86.8,74
11,1943,1.96,74.7,6.264,7.2,32,40.3
12,1943,-3.74,8.3,0,0,18.8,30.5
1,1944,-1.71,34.2,0,0,25.4,35.8
2,1944,-2.98,60.5,0,0,31.9,44.7
3,1944,-1.57,113.6,0,0,49.8,68.2
4,1944,6.01,86.4,27.753,31.9,111.9,103.1
5,1944,16.8,94.3,111.099,127.7,204.8,176
6,1944,21.49,89.7,151.728,174.4,241.8,213.1
7,1944,22.56,21,162.429,186.7,297.9,222.7
8,1944,22.87,98.3,154.773,177.9,264.3,205.9
9,1944,17.83,78.5,99.441,114.3,143.9,127.9
10,1944,10.23,39.7,46.284,53.2,87.7,74.1
11,1944,4.67,61.2,14.964,17.2,30.2,43.7
12,1944,-5.13,25.2,0,0,12.8,29.1
1,1945,-8.01,15.7,0,0,12,30.8
2,1945,-3.07,31,0,0,25.5,42.3
3,1945,8.22,64.6,41.412,47.6,103.9,88.3
4,1945,9.48,80,52.635,60.5,122.7,112.2
5,1945,10.74,195.3,68.469,78.7,157.2,141.2
6,1945,17.73,94,123.366,141.8,204.7,184
7,1945,20.94,54.6,150.771,173.3,237.7,208.3
8,1945,21.23,52.4,143.55,165,212.4,187.5
9,1945,17.16,139.4,98.049,112.7,128.1,126.9
10,1945,9.49,55.3,45.588,52.4,80.1,72.3
11,1945,4.89,66.5,18.009,20.7,40.1,44.7
12,1945,-4.96,44.11,0,0,14.3,29.7
1,1946,-3.27,45.2,0,0,19.3,34.5
2,1946,-3.5,42,0,0,28.3,41.8
3,1946,8.03,81.1,36.105,41.5,97.8,86.5
4,1946,9.22,32.2,46.284,53.2,143.4,112.7
5,1946,13.2,124.9,81.606,93.8,187.3,151.5
6,1946,19.09,40.6,130.413,149.9,214,196.4
7,1946,23.13,6.4,167.127,192.1,299,231.6
8,1946,20.59,41.2,135.372,155.6,237.1,185
9,1946,18.08,113,100.572,115.6,173.7,128.3
10,1946,13.7,89.7,65.685,75.5,102.6,82.8
11,1946,6.07,80.4,20.271,23.3,41.1,45.5
12,1946,-0.51,75.2,0,0,21.4,32.8
1,1947,-2.67,73,0,0,21.6,34.6
2,1947,-6.39,27.7,0,0,20.1,39.7
3,1947,-2.11,51.1,0,0,45.3,66.5
4,1947,7.63,195.5,37.932,43.6,111.3,106.7
5,1947,11.58,121.7,71.079,81.7,150,144.3
6,1947,18.33,97.3,125.367,144.1,202.7,187.4
7,1947,21.13,64.4,150.336,172.8,233.8,210.5
8,1947,26.02,125.5,181.569,208.7,261.8,240.4
9,1947,17.8,124.8,99.876,114.8,137.4,133.3
10,1947,15.42,31.4,77.343,88.9,104.6,88.1
11,1947,1.88,70.4,5.046,5.8,24.2,41.1
12,1947,-2.46,44.7,0,0,16.6,31
1,1948,-8.16,52.18,0,0,11.8,30.8
2,1948,-4.73,58.5,0,0,27.4,43.3
3,1948,1.04,129.3,2.958,3.4,69.8,74.7
4,1948,10.73,100.8,56.724,65.2,133.7,119.1
5,1948,13.04,147.1,81.258,93.4,186.6,149.9
6,1948,19.34,61.3,133.197,153.1,220.7,194.3
7,1948,22.79,67.7,164.43,189,236.3,225.3
8,1948,22.57,30.9,152.25,175,240.2,199
9,1948,19.21,81.2,109.011,125.3,163.6,134.8
10,1948,9.75,13,43.587,50.1,79.8,72.3
11,1948,6.59,72.5,22.968,26.4,34.3,45.8
12,1948,-0.97,73.5,0,0,20.1,31.8
1,1949,-1.71,91.9,0,0,21.4,35.3
2,1949,-1.88,68.9,0,0,28.5,43.7
3,1949,1.97,86.2,6.003,6.9,68.8,75.2
4,1949,8.68,59,42.195,48.5,141.3,110.1
5,1949,15.76,68.5,101.007,116.1,213.3,167.1
6,1949,22.65,104.5,161.124,185.2,232.4,226.2
7,1949,24.46,66.3,178.959,205.7,258.5,247.1
8,1949,22.35,90.9,149.64,172,228.3,198.3
9,1949,15.53,71.9,82.476,94.8,143.7,116.9
10,1949,13.68,69.3,64.902,74.6,98.2,84.9
11,1949,3.16,47.5,8.7,10,33.1,42.5
12,1949,-0.22,70.6,0,0,21.9,32.4
1,1950,-0.43,102.1,0,0,30.9,36.5
2,1950,-4.01,89.4,0,0,21.8,41.3
3,1950,-1.06,83.3,0,0,49.8,68.9
4,1950,5.22,201.4,26.361,30.3,96.9,100.2
5,1950,14.93,23.4,100.311,115.3,226.1,161
6,1950,19.77,124.5,139.983,160.9,217.6,199.2
7,1950,20.76,119.4,149.292,171.6,246.3,206
8,1950,20.68,39.9,139.287,160.1,218.9,182.7
9,1950,16.52,149.8,93.786,107.8,140.6,120.6
10,1950,13.15,16.8,66.468,76.4,90.9,81.8
11,1950,1.05,58.2,3.045,3.5,30.3,41
12,1950,-5.25,65.58,0,0,17.6,29.3
1,1951,-3.85,66.5,0,0,17.3,33.5
2,1951,-3.04,41.5,0,0,28.5,43.6
3,1951,1.87,48.9,7.395,8.5,64,73.6
4,1951,7.08,97.4,37.497,43.1,113,106.6
5,1951,15.99,73.4,108.576,124.8,222.7,166.9
6,1951,18.97,102,133.371,153.3,215.3,190.8
7,1951,21.26,79.7,153.468,176.4,243,208.9
8,1951,19.65,101.8,131.283,150.9,197,175
9,1951,15.76,93.2,88.827,102.1,143.9,117.6
10,1951,12.29,116.8,61.422,70.6,94.8,81.8
11,1951,-0.7,82.5,0,0,26.9,38.2
12,1951,-3.63,64.4,0,0,19,31.2
1,1952,-2.52,136.7,0,0,23.9,34.5
2,1952,-1.48,35.75,0,0,32.8,45.5
3,1952,0.37,41,0.957,1.1,59.8,71.8
4,1952,9.03,76.17,48.111,55.3,148.1,114.2
5,1952,13.2,139.9,85.173,97.9,189.2,151.4
6,1952,21.39,57.2,152.337,175.1,250.6,215.2
7,1952,23,120.8,167.388,192.4,257.5,229.9
8,1952,20.82,77.3,139.374,160.2,226.9,182.4
9,1952,17.22,31.2,97.179,111.7,165.3,125.2
10,1952,8.2,5.5,37.149,42.7,87.7,69.9
11,1952,4.52,74.8,15.573,17.9,43.3,43.5
12,1952,-0.58,45.4,0,0,19,32.2
1,1953,-1.93,39,0,0,20.9,35
2,1953,-0.71,19.1,0,0,31.9,44.7
3,1953,2.79,54.4,9.309,10.7,65.7,75.8
4,1953,6.95,72.4,31.842,36.6,110.1,104.5
5,1953,15.88,77.52,101.964,117.2,215.9,166.2
6,1953,21.27,111.6,148.77,171,253.4,212.9
7,1953,23.42,70.7,169.389,194.7,284.2,233.7
8,1953,22.28,73.7,149.031,171.3,253.6,196.7
9,1953,17.25,35.1,94.221,108.3,181.5,129
10,1953,13.03,48,60.987,70.1,122.1,81.4
11,1953,6.08,37.1,19.836,22.8,43.7,45.7
12,1953,-0.43,27.2,0,0,21.8,32.8
1,1954,-4.11,42.2,0,0,18.9,33.5
2,1954,0.98,57.43,2.436,2.8,37.6,46.6
3,1954,0.47,67.3,1.218,1.4,61.1,71.4
4,1954,10.41,85.6,56.202,64.6,138.1,117.2
5,1954,12.1,24,75.864,87.2,175.4,148.4
6,1954,21.26,200.42,150.771,173.3,227.9,213.8
7,1954,21.69,68.5,155.643,178.9,242.3,214.6
8,1954,20.6,84.1,137.112,157.6,195.9,181.5
9,1954,18.32,75.7,104.052,119.6,143.3,131.7
10,1954,11.44,220.2,54.462,62.6,72.5,79
11,1954,4.49,64.75,15.051,17.3,35.7,43.2
12,1954,-1.75,43.9,0,0,14.9,31.2
1,1955,-4.28,34.9,0,0,16,33.1
2,1955,-2.76,42,0,0,27,43.1
3,1955,1.64,43.7,4.35,5,65.9,72.8
4,1955,12.49,71.5,65.337,75.1,155.1,122.7
5,1955,15.93,48.8,100.833,115.9,206.8,166.8
6,1955,18.99,120.8,127.542,146.6,225.8,190.6
7,1955,25.04,88.4,184.005,211.5,259.5,252.7
8,1955,24.12,83.2,164.256,188.8,233.7,217
9,1955,17.96,33.47,97.962,112.6,160.1,129.2
10,1955,12.41,129.4,56.028,64.4,88.8,80.2
11,1955,2.33,67.82,5.481,6.3,30.9,41.4
12,1955,-3.53,11.3,0,0,16.6,30.6
1,1956,-4.08,28,0,0,17.6,33.1
2,1956,-3.01,41.6,0,0,28.3,44.1
3,1956,-0.32,48.3,0,0,51.1,69.5
4,1956,7.16,117.7,35.148,40.4,126.9,106
5,1956,14.38,80.82,92.568,106.4,187,161.4
6,1956,21.39,93.2,151.38,174,237.3,215.9
7,1956,21.15,61.9,150.51,173,217.5,208.7
8,1956,21.44,47.6,143.376,164.8,203.9,189.2
9,1956,16.6,15.8,91.698,105.4,157.2,121.7
10,1956,14.26,6.1,70.383,80.9,109.5,83.5
11,1956,4.54,28.6,14.877,17.1,36.2,44.5
12,1956,0.16,20.7,0.261,0.3,18.5,33.1
1,1957,-6.71,60.6,0,0,15.1,31.9
2,1957,-1.45,31.2,0,0,29.5,44.3
3,1957,2.26,40.4,8.613,9.9,72.9,74.4
4,1957,8.87,118.2,47.154,54.2,105.9,114.9
5,1957,14.13,108.9,92.307,106.1,179.4,156.8
6,1957,20.12,76.7,141.636,162.8,202.8,202.1
7,1957,22.55,117.3,163.473,187.9,251.8,222.8
8,1957,21.09,77.5,141.462,162.6,216.5,185.7
9,1957,16.29,46.2,91.002,104.6,130.9,121.9
10,1957,9.8,112.2,45.849,52.7,82.7,73.4
11,1957,4.03,72.8,13.659,15.7,31.9,43.4
12,1957,0.69,39.5,1.653,1.9,23.9,33.4
1,1958,-4.23,28.7,0,0,16.4,33.5
2,1958,-6.14,29.9,0,0,20.8,40.3
3,1958,1.39,14.2,5.046,5.8,54.8,71.9
4,1958,9.39,34.1,51.243,58.9,134.7,112.3
5,1958,14.91,35.3,99.267,114.1,220.7,161.1
6,1958,16.91,159,115.971,133.3,192.5,176
7,1958,21.29,83.5,153.207,176.1,208.1,209.7
8,1958,20.98,109,141.114,162.2,216.2,185.5
9,1958,17.09,62,96.918,111.4,134.3,125
10,1958,12.3,44.4,60.813,69.9,92.6,79.7
11,1958,5.2,63.12,18.879,21.7,41.3,45.2
12,1958,-6.01,11,0,0,15,29
1,1959,-7.35,58.7,0,0,15.5,31.2
2,1959,-4.85,52.9,0,0,24.9,40.9
3,1959,1.1,37.9,2.871,3.3,65.6,72.1
4,1959,8.36,63.9,40.194,46.2,117.4,108.7
5,1959,17.59,64.5,116.058,133.4,209.3,180.5
6,1959,21.12,111.3,147.465,169.5,241,211
7,1959,22.54,98.6,161.385,185.5,259.8,222.5
8,1959,24.23,111.6,165.735,190.5,202.4,214.5
9,1959,19.19,78.8,107.793,123.9,159.9,138
10,1959,10.2,117.5,44.718,51.4,69.5,75.4
11,1959,1.55,47.2,3.567,4.1,29,40.9
12,1959,0.86,42.6,1.653,1.9,21,33.2
1,1960,-2.78,74.5,0,0,16.9,34.4
2,1960,-3.79,50.2,0,0,21,43.1
3,1960,-4.42,14.1,0,0,45.2,66
4,1960,10.3,73.4,55.506,63.8,130.7,119.4
5,1960,13.82,130,89.001,102.3,170.6,156.2
6,1960,18.46,121.2,127.194,146.2,205.2,186.1
7,1960,21.16,81,151.119,173.7,247.8,209
8,1960,21.57,65.3,144.855,166.5,214.7,187.1
9,1960,18.9,40.2,107.967,124.1,146.7,136.2
10,1960,10.85,31.3,51.069,58.7,86.5,75.4
11,1960,5.81,42.1,20.532,23.6,38.9,44.3
12,1960,-4.2,18.2,0,0,17.5,30.2
1,1961,-5.89,7.2,0,0,18.4,32.5
2,1961,-1.27,12.9,0,0,36.1,44.3
3,1961,3.62,47.6,14.616,16.8,73.4,76.7
4,1961,6.22,94.8,30.189,34.7,103.7,102.1
5,1961,12.71,43.9,80.475,92.5,195.5,149.8
6,1961,18.95,83.1,131.283,150.9,248.9,192.7
7,1961,22.36,63.6,161.472,185.6,261.1,220.3
8,1961,21.25,130.9,142.332,163.6,202.9,186.8
9,1961,19.42,158.6,111.621,128.3,154.5,139.4
10,1961,12.12,62.3,58.377,67.1,98.8,79.3
11,1961,4.48,34.8,15.051,17.3,41.9,43.3
12,1961,-2.62,19.4,0,0,19.2,31.4
1,1962,-7.11,59.6,0,0,15.6,31.9
2,1962,-4.96,11,0,0,23,41
3,1962,0.31,19.6,0.783,0.9,58.6,72
4,1962,7.8,45,39.672,45.6,131.9,110
5,1962,17.55,80.8,118.755,136.5,210.3,180.6
6,1962,20.18,96.3,141.549,162.7,249.1,200.1
7,1962,20.67,70.9,146.856,168.8,232.8,205.1
8,1962,21.79,32.1,146.682,168.6,246.5,190.8
9,1962,16.33,89.9,90.567,104.1,151.3,122.6
10,1962,12.22,68.5,58.986,67.8,87.7,81.5
11,1962,3.84,9.9,12.528,14.4,34.8,42.1
12,1962,-4.24,38.5,0,0,19.5,30.5
1,1963,-9.58,20.8,0,0,8,29.8
2,1963,-7.81,9.5,0,0,19.3,38.4
3,1963,2.97,37.28,11.136,12.8,72,77.3
4,1963,9.45,57.9,49.242,56.6,139.5,112.7
5,1963,13.26,108,83.781,96.3,189.5,151.9
6,1963,20.5,39.1,143.724,165.2,278.8,207.3
7,1963,22.17,102.8,159.384,183.2,277.1,220.6
8,1963,19.42,46,127.107,146.1,211.3,173.7
9,1963,16.43,25.9,90.567,104.1,170.5,120.3
10,1963,15.31,21.3,76.734,88.2,131.5,88.2
11,1963,6.54,30.5,23.229,26.7,42.2,45.7
12,1963,-6.4,12.3,0,0,16.7,28.7
1,1964,-2.58,12.8,0,0,23.8,35.1
2,1964,-3.73,8.2,0,0,32,43.6
3,1964,1.49,51,5.22,6,69.8,72.8
4,1964,9.12,93.6,48.72,56,142.3,113.8
5,1964,16.85,61.9,113.796,130.8,234.7,174.1
6,1964,20.85,54,147.813,169.9,275.5,212.1
7,1964,22.63,66.3,164.169,188.7,276.3,225.9
8,1964,19.46,125.3,128.586,147.8,234.1,176.3
9,1964,16.28,119.9,90.915,104.5,162,122.9
10,1964,8.41,30.3,38.28,44,95.1,69.8
11,1964,4.97,69.7,17.487,20.1,50.5,45
12,1964,-3.31,36.1,0,0,17.5,30.5
1,1965,-4.38,52.1,0,0,18.1,33.8
2,1965,-3.8,34.4,0,0,29.2,41.9
3,1965,-2.16,49.2,0,0,39.2,66.1
4,1965,7.38,48.2,37.149,42.7,126.5,106.1
5,1965,17.93,50.1,121.8,140,231.8,179.6
6,1965,18.81,81.4,130.065,149.5,264.7,189.1
7,1965,21.57,56.1,154.599,177.7,272.4,214.5
8,1965,20.24,132.4,134.154,154.2,182.4,181.1
9,1965,17.57,131.7,98.919,113.7,129.4,127.4
10,1965,11.03,57.6,52.113,59.9,77.5,76.5
11,1965,5.32,52,18.531,21.3,37.6,44.9
12,1965,1.53,115.1,4.002,4.6,21.7,33.8
1,1966,-6.74,23.7,0,0,15.4,31.7
2,1966,-3.23,38.5,0,0,27.9,42.4
3,1966,3.28,82.6,13.833,15.9,73.6,76.2
4,1966,7.03,113.6,36.453,41.9,116,105.5
5,1966,11.6,89.6,73.95,85,179.3,145.7
6,1966,20.98,56.4,149.379,171.7,224.6,210
7,1966,23.3,54.9,170.346,195.8,257,232.6
8,1966,20.59,130.4,138.069,158.7,197.2,180.5
9,1966,16.32,43.8,91.785,105.5,138.4,122
10,1966,10.35,26.1,49.677,57.1,82.4,74.8
11,1966,4.89,166.6,17.574,20.2,33.6,43.6
12,1966,-1.99,99.6,0,0,19.1,31.6
1,1967,-2.79,69.4,0,0,21.6,34.7
2,1967,-6.69,40.9,0,0,22,39.1
3,1967,0.81,28.6,2.697,3.1,62.8,73.6
4,1967,9.13,120.2,49.59,57,124.4,111.2
5,1967,12.18,59.4,78.3,90,177.3,147.8
6,1967,21.23,153.2,151.467,174.1,219.4,209.7
7,1967,20.88,73.2,149.727,172.1,213.9,207.3
8,1967,20.41,48.4,136.59,157,216.5,180.9
9,1967,17.01,78.3,96.396,110.8,167.7,125.2
10,1967,11.3,130.4,55.071,63.3,79.8,78.5
11,1967,2.42,78.2,7.743,8.9,28.3,41.2
12,1967,-0.87,127.3,0,0,19.4,32.2
1,1968,-5.52,42.2,0,0,16.5,32.7
2,1968,-5.5,67.4,0,0,26.1,41.8
3,1968,3.27,18.7,12.18,14,80.2,77.9
4,1968,10.14,75,52.896,60.8,134.4,115.1
5,1968,13.18,82.6,82.302,94.6,174.6,151.1
6,1968,20.12,167.4,139.896,160.8,218.3,201.6
7,1968,21.88,136.3,156.339,179.7,239.1,217.7
8,1968,22.2,87.4,149.205,171.5,198.1,199.3
9,1968,18.12,80.5,101.442,116.6,133.8,127.6
10,1968,12.32,88.6,58.203,66.9,82.4,80.1
11,1968,4.38,114.2,13.833,15.9,33.4,43.1
12,1968,-2.98,89.2,0,0,17.4,30.6
1,1969,-5.3,45.1,0,0,14.8,33.3
2,1969,-2.74,7.1,0,0,28.7,42.5
3,1969,0.23,46.5,0.522,0.6,67.1,70.9
4,1969,9.42,126,49.851,57.3,132.3,111.9
5,1969,14.77,70.8,96.483,110.9,200,161
6,1969,17.87,142.3,122.322,140.6,187.3,186.3
7,1969,22.52,111.07,162.864,187.2,230.5,222.8
8,1969,22.44,39.6,151.902,174.6,216,196.3
9,1969,18.06,11.1,102.225,117.5,144.5,130.3
10,1969,11.29,141,53.592,61.6,80,79.1
11,1969,3.6,79.4,11.571,13.3,33.1,42.7
12,1969,-2.99,18.3,0,0,16.4,30.7
1,1970,-8.24,21.1,0,0,13.3,31.1
2,1970,-4.46,19,0,0,25.2,41.2
3,1970,-0.76,60.3,0,0,57.2,68.7
4,1970,8.53,88.7,42.717,49.1,122.1,112.5
5,1970,16.35,103.8,107.445,123.5,193.5,170.4
6,1970,20.3,91.9,141.462,162.6,220.2,203.8
7,1970,22.74,153.2,163.995,188.5,222.4,226.8
8,1970,21.81,41.4,145.986,167.8,217.7,191.1
9,1970,17.83,82,99.441,114.3,138.1,129.4
10,1970,12.73,111.8,60.552,69.6,83.4,80.3
11,1970,3.95,79.11,12.18,14,29.4,42.9
12,1970,-1.91,39.4,0,0,20.2,31.8
1,1971,-7.22,27.8,0,0,15.1,31.4
2,1971,-3.51,74.1,0,0,23,42.8
3,1971,-0.17,25.31,0,0,57,69.6
4,1971,7.82,28.8,37.671,43.3,133.3,107.7
5,1971,13.72,59,85.608,98.4,208.6,154.8
6,1971,22.75,41.3,162.429,186.7,262.7,228.4
7,1971,21.44,143.1,151.989,174.7,232,212.7
8,1971,20.4,47.4,133.806,153.8,220.8,179.3
9,1971,19.55,115,110.925,127.5,137.1,139.3
10,1971,15.47,89.1,76.386,87.8,91.3,88.7
11,1971,4.23,78.8,12.876,14.8,36.7,43.5
12,1971,0.69,117.1,1.305,1.5,22.7,33.4
1,1972,-5.51,40.1,0,0,18,33
2,1972,-4.69,27.7,0,0,25.8,43
3,1972,-0.04,34.98,0,0,56.9,70.8
4,1972,6.89,86.2,35.583,40.9,119.4,106
5,1972,15.96,96.3,107.532,123.6,218.5,168.5
6,1972,18.56,68.5,129.369,148.7,222.8,188.9
7,1972,21.79,125.5,157.47,181,233,217.9
8,1972,21.48,159.3,145.029,166.7,188,187.9
9,1972,17.47,156.2,99.441,114.3,126.6,124.7
10,1972,9,78.7,42.108,48.4,69.9,72
11,1972,2.95,58.7,9.744,11.2,23,41.3
12,1972,-2.22,117.6,0,0,15.9,31
1,1973,-2.42,33.8,0,0,21.5,34.7
2,1973,-3.58,37.6,0,0,24.1,42.1
3,1973,6.45,91.7,26.361,30.3,82.1,82.3
4,1973,8.8,94.3,42.195,48.5,112.9,111.5
5,1973,13.11,153.8,79.17,91,165.8,150.6
6,1973,21.49,92.1,150.249,172.7,215.4,211.2
7,1973,22.74,95.8,162.777,187.1,233.4,225
8,1973,22.94,37.4,154.251,177.3,197.5,203.3
9,1973,18.57,116,102.834,118.2,145.1,134.7
10,1973,13.74,77.1,64.554,74.2,90.1,84.1
11,1973,5.44,93.4,16.878,19.4,35.4,44.1
12,1973,-2.6,68.6,0,0,17.1,31.1
1,1974,-3.24,60,0,0,20.2,34.7
2,1974,-4.93,73.02,0,0,26.5,41.1
3,1974,2.28,99.3,8.352,9.6,60.2,73.5
4,1974,9.64,125.8,51.243,58.9,130.7,113.9
5,1974,13.32,87.4,85.173,97.9,174.8,153.5
6,1974,18.73,92,129.456,148.8,211.4,189.3
7,1974,23.58,34.6,172.173,197.9,276.4,237.4
8,1974,22,74.1,148.335,170.5,219.8,192.7
9,1974,15.89,87.3,87.609,100.7,146.4,119.2
10,1974,10.64,39.3,49.938,57.4,84.1,75.3
11,1974,5.09,74.5,17.574,20.2,35.6,44.6
12,1974,-0.57,32.2,0,0,16,32.5
1,1975,-2.28,30.02,0,0,21.2,34.4
2,1975,-3.32,61.1,0,0,21.1,42.5
3,1975,0.12,53.2,0.174,0.2,57.3,70.2
4,1975,5.43,164.7,24.447,28.1,101.6,101
5,1975,17.18,152.9,114.231,131.3,205.7,176
6,1975,20.74,69.6,145.203,166.9,216.4,208
7,1975,22.65,16,163.212,187.6,251.9,224.2
8,1975,22.7,265,153.294,176.2,203.1,200.1
9,1975,15.04,45.8,80.649,92.7,120.8,115.4
10,1975,12.6,25.2,59.769,68.7,97.9,80.7
11,1975,7.76,77.7,28.101,32.3,45.5,48.6
12,1975,-1.6,114.8,0,0,20.5,31.7
1,1976,-6.39,51.4,0,0,15.3,32.3
2,1976,0.14,49.9,0.261,0.3,42.8,48.5
3,1976,4.28,65.37,18.357,21.1,85.5,79.3
4,1976,9.75,110,52.722,60.6,139.9,115.2
5,1976,13.25,82.8,85.521,98.3,190,152.7
6,1976,21.21,72.6,150.858,173.4,239.5,209.4
7,1976,22.8,99.9,165.648,190.4,253.2,225.6
8,1976,20.8,11.4,139.2,160,230.2,182.7
9,1976,17.13,55.5,96.57,111,155.2,124.2
10,1976,8.6,69.2,39.324,45.2,78.1,72
11,1976,0.98,38.36,2.523,2.9,29.8,39.4
12,1976,-6.78,35.2,0,0,16.1,28.5
1,1977,-11.01,59.4,0,0,8.9,29.4
2,1977,-4.68,13.4,0,0,24.9,41.4
3,1977,5.05,54.7,19.227,22.1,77.8,80.3
4,1977,11.58,101.5,59.943,68.9,153.9,122.3
5,1977,19.06,27.1,127.803,146.9,259.3,191.2
6,1977,18.7,103.6,125.715,144.5,226.8,190.4
7,1977,24.02,46.8,174.609,200.7,242.4,242.2
8,1977,20.55,139.9,133.98,154,183.7,182.2
9,1977,18.31,115,101.007,116.1,122.5,130.3
10,1977,10.37,51.4,45.066,51.8,81.6,73.8
11,1977,5.58,84.9,17.4,20,36.2,46.6
12,1977,-3.32,54.4,0,0,15.6,30.5
1,1978,-7.32,104.6,0,0,14.3,31.3
2,1978,-9.63,8.8,0,0,19.4,37.2
3,1978,-2.02,29.7,0,0,52.6,67.4
4,1978,7.85,71.7,39.324,45.2,137.4,106.2
5,1978,15.49,75,101.355,116.5,198.9,167.7
6,1978,19.63,165.8,136.329,156.7,228.9,196.2
7,1978,21.46,62.1,153.207,176.1,225.4,214
8,1978,22.05,43.1,148.335,170.5,211.6,193.3
9,1978,19.48,148.6,111.447,128.1,158.8,138.9
10,1978,10.64,83.1,49.242,56.6,76.6,75.5
11,1978,4.93,67.1,16.443,18.9,43.2,44.5
12,1978,-2.26,136.9,0,0,17.6,31.4
1,1979,-8.49,56.14,0,0,10.9,31.1
2,1979,-8.95,39.9,0,0,18.1,38.1
3,1979,3.28,74.9,13.398,15.4,72.7,76.8
4,1979,7.3,122,37.41,43,114.7,106.5
5,1979,14.22,60.4,93.003,106.9,190.8,158
6,1979,19.69,235.7,138.069,158.7,223.8,196.3
7,1979,21.82,57.9,157.209,180.7,243.2,216.1
8,1979,20.34,126.8,135.546,155.8,176.3,180.3
9,1979,18.23,0,103.965,119.5,160.1,130.3
10,1979,11.01,68.8,52.722,60.6,72.3,76.9
11,1979,4.66,140.6,16.182,18.6,35.4,43.7
12,1979,0.69,62.85,1.653,1.9,23.3,33.3
1,1980,-4.06,19.2,0,0,17.8,33.4
2,1980,-5.69,48.8,0,0,21.4,42
3,1980,-0.14,68.4,0,0,58.6,71.1
4,1980,7.96,79.4,40.716,46.8,114.1,108.7
5,1980,15.42,62,101.616,116.8,208.7,164.8
6,1980,18.41,131.7,126.759,145.7,218,188.4
7,1980,22.97,132.5,166.779,191.7,222.3,227.6
8,1980,22.77,145,154.599,177.7,193.4,198.5
9,1980,18.28,93.4,103.704,119.2,141.5,129.6
10,1980,9.28,50.9,42.369,48.7,78.7,72.1
11,1980,4.22,31.9,14.007,16.1,38.7,42.9
12,1980,-2.75,70.71,0,0,18.5,30.8
1,1981,-6.48,13.8,0,0,18.2,31.8
2,1981,-2.05,57.36,0,0,30.4,44.2
3,1981,2.5,25.9,9.396,10.8,74.3,75.3
4,1981,10.46,159.5,56.55,65,136.4,115.1
5,1981,13.95,87.5,90.045,103.5,191.5,156.2
6,1981,20.54,108.4,144.594,166.2,210.8,202.7
7,1981,22.5,42.8,162.69,187,238.3,224.2
8,1981,21.52,93.2,144.507,166.1,204.6,187.9
9,1981,16.3,174.5,90.393,103.9,123,122.2
10,1981,9.16,81.9,41.673,47.9,76.8,71.6
11,1981,5.12,34.6,17.661,20.3,44.6,44.6
12,1981,-1.86,32.2,0,0,17.6,31.5
1,1982,-8.59,70.9,0,0,13.1,30.8
2,1982,-5.84,29.19,0,0,22.5,40.4
3,1982,-0.22,118.5,0,0,51.7,70.7
4,1982,5.74,47.5,26.796,30.8,115.3,102.8
5,1982,18.27,102,123.888,142.4,208.5,181
6,1982,17.85,105.3,121.365,139.5,201.4,181.4
7,1982,22.56,108.3,162.777,187.1,221.7,222.8
8,1982,20.65,55.3,136.938,157.4,199.1,183.7
9,1982,17.26,35.3,96.222,110.6,133.6,126.2
10,1982,12.32,29.6,58.899,67.7,95.8,81.1
11,1982,5.48,133.6,18.705,21.5,35.3,44.8
12,1982,2.89,134.2,8.352,9.6,23.1,35.7
1,1983,-2.26,24.9,0,0,18.6,35
2,1983,-0.6,32.1,0,0,35.4,45
3,1983,3.85,82.6,14.442,16.6,75.6,77
4,1983,6.64,126.8,30.711,35.3,111.4,103.7
5,1983,12.81,138.2,78.648,90.4,172.6,149.2
6,1983,20.32,48.5,141.027,162.1,243.5,203.6
7,1983,24.5,72.7,179.568,206.4,251.8,247.7
8,1983,23.75,73.2,161.82,186,215,209.2
9,1983,18.26,110,101.877,117.1,152.9,132.9
10,1983,11.45,56.8,52.461,60.3,80.2,77.8
11,1983,5.7,94.5,18.705,21.5,40.6,45
12,1983,-6.79,74.4,0,0,10.5,28.7
1,1984,-7.73,18.69,0,0,12,31.4
2,1984,1.21,29.7,2.871,3.3,38.4,48.9
3,1984,-1.71,77.3,0,0,48.5,68.1
4,1984,8.23,78.1,40.89,47,123.3,109
5,1984,12.38,115.7,76.212,87.6,167.7,147.7
6,1984,21.76,6.9,154.077,177.1,243.6,214.5
7,1984,22.07,84.9,158.079,181.7,239.3,219.4
8,1984,23.49,26.7,159.906,183.8,225.7,206.2
9,1984,16.62,156.9,91.176,104.8,130.8,122.5
10,1984,13.1,89.7,62.727,72.1,78.1,80.8
11,1984,5.3,63.9,17.574,20.2,38.1,44
12,1984,1.03,148.3,2.262,2.6,25.6,33.8
1,1985,-6.28,71.57,0,0,13.1,31.9
2,1985,-4.79,95.68,0,0,23.1,41.6
3,1985,3.79,129.1,14.181,16.3,73.4,77
4,1985,11.73,93.4,62.553,71.9,137.5,123.9
5,1985,16.6,109.9,108.663,124.9,208.2,170.2
6,1985,18.59,44.7,126.15,145,212.1,187.5
7,1985,22.28,117.5,159.471,183.3,238,220.7
8,1985,20.61,107.1,135.546,155.8,182.8,181.3
9,1985,18.79,56.2,105.531,121.3,132.2,137.1
10,1985,12.02,128.7,55.767,64.1,76.2,78.1
11,1985,4.69,155.8,14.703,16.9,29.3,43.8
12,1985,-5.27,62.35,0,0,12.7,29.2
1,1986,-4.03,19.7,0,0,19.1,33.9
2,1986,-4.23,86.05,0,0,20.4,41.3
3,1986,3.3,45.3,12.267,14.1,80.9,77.8
4,1986,10.83,112.3,57.333,65.9,137.8,118.7
5,1986,15.69,91.5,102.138,117.4,185.6,166
6,1986,20.36,145.8,141.984,163.2,221.3,202
7,1986,23.17,187.03,167.823,192.9,220.7,231
8,1986,19.87,117,130.065,149.5,187.4,177.3
9,1986,18.6,253.8,104.835,120.5,130.1,130.7
10,1986,11.78,96,55.071,63.3,75.5,77.9
11,1986,2.99,12.5,8.613,9.9,31.8,42.1
12,1986,-0.49,38.5,0,0,15.7,32.6
1,1987,-2.78,29.5,0,0,17.5,34.8
2,1987,-0.65,2.3,0,0,34.7,44.7
3,1987,3.96,38.6,14.094,16.2,84.8,77.4
4,1987,10.57,59.9,53.331,61.3,138,117.1
5,1987,17.14,33.8,111.621,128.3,202.6,179.5
6,1987,22.56,50.9,159.906,183.8,239,223.6
7,1987,23.79,67.64,172.521,198.3,224,240.1
8,1987,21.52,176.2,142.158,163.4,169.1,193
9,1987,17.83,131.8,97.614,112.2,125.4,126.5
10,1987,8.27,64.4,33.756,38.8,68.3,69.9
11,1987,6.45,61.1,20.967,24.1,38.6,46.3
12,1987,0.37,129.4,0.522,0.6,16.1,32.9
1,1988,-4.76,57.81,0,0,19.1,33.7
2,1988,-5.58,37,0,0,27.6,42
3,1988,2.28,59.7,7.221,8.3,70.6,74.8
4,1988,9.08,76.9,44.631,51.3,134.2,110.7
5,1988,16.39,35.8,106.14,122,218.1,170.4
6,1988,21.08,36.6,147.117,169.1,254.2,215.1
7,1988,24.41,106,178.524,205.2,286.9,245.6
8,1988,23.62,126.9,160.428,184.4,194.7,217
9,1988,17.37,162.7,95.091,109.3,130.4,123.8
10,1988,7.95,135.2,32.625,37.5,61.8,69.8
11,1988,5.67,137.8,18.183,20.9,32.3,43.9
12,1988,-1.29,85.17,0,0,20.9,31.7
1,1989,-0.61,45,0,0,25,36.7
2,1989,-5.89,34.8,0,0,21,40.2
3,1989,1.4,68.2,4.872,5.6,71.3,74
4,1989,8.05,54.56,42.021,48.3,115.8,108.8
5,1989,13.85,152.6,90.132,103.6,181.5,156.6
6,1989,20.05,136.6,141.114,162.2,202,200.2
7,1989,22.78,72.8,165.474,190.2,231.7,226.3
8,1989,21.09,109.7,141.462,162.6,192.6,185.6
9,1989,16.64,173.8,93.264,107.2,138.7,123.7
10,1989,10.84,33,51.765,59.5,81.2,76.7
11,1989,3.37,105,11.049,12.7,34.4,42.2
12,1989,-7.28,29.6,0,0,11.5,28.2
1,1990,0.16,54.3,0.261,0.3,24.8,36.4
2,1990,-1.14,78.9,0,0,31.3,44
3,1990,3.79,71.1,14.964,17.2,68.3,78.5
4,1990,9.21,76.5,47.763,54.9,124.5,116.1
5,1990,13.35,119.7,84.477,97.1,171.5,151.2
6,1990,20.41,116.2,142.941,164.3,217.9,203.6
7,1990,21.78,63.5,155.991,179.3,221.8,217.1
8,1990,21,88.2,139.809,160.7,185.7,184.7
9,1990,18.29,85.1,103.182,118.6,140.8,133.1
10,1990,11.13,167.5,52.026,59.8,84.6,77.5
11,1990,6.73,193.4,24.012,27.6,42.6,46.3
12,1990,-0.17,76.04,0,0,21.8,33
1,1991,-4.37,32.2,0,0,15.5,33.4
2,1991,-0.66,14.7,0,0,30.7,44.6
3,1991,4.44,145.6,15.834,18.2,78.3,78.8
4,1991,10.97,136.2,55.245,63.5,126.7,118.7
5,1991,18.77,86.2,124.671,143.3,206.8,191.7
6,1991,22.42,71.7,158.166,181.8,254.2,221.3
7,1991,22.97,149.1,164.517,189.1,234.3,228.7
8,1991,21.95,157.7,145.377,167.1,210.8,192.3
9,1991,16.44,56.6,87.348,100.4,142.4,126
10,1991,12.4,187.3,55.941,64.3,83.6,79.7
11,1991,2.4,73.77,5.655,6.5,34.7,41.3
12,1991,-1.76,125.6,0,0,24.2,31.7
1,1992,-2.19,36.64,0,0,18.3,35.2
2,1992,-0.31,26.6,0,0,31.3,47
3,1992,2.51,67.9,11.223,12.9,76.9,75.3
4,1992,7.95,72.7,44.457,51.1,119.2,109.2
5,1992,15.26,24.9,104.574,120.2,231.1,165.7
6,1992,17.79,30.8,125.28,144,259,182.5
7,1992,20.23,153.2,145.986,167.8,216.1,201.3
8,1992,18.85,85.6,126.324,145.2,193,169.2
9,1992,16.28,139.4,93.612,107.6,138.8,120.9
10,1992,9.8,72.9,48.72,56,87.2,73
11,1992,3.52,112.2,13.05,15,26.3,41.7
12,1992,-0.36,78.08,0,0,17.4,32.7
1,1993,-2.58,92.09,0,0,21.3,34.8
2,1993,-4.32,25.6,0,0,23.9,40.7
3,1993,0.96,58.09,3.132,3.6,56.8,72.5
4,1993,8.26,119.7,43.326,49.8,121.3,109
5,1993,16.02,43.4,107.184,123.2,216.3,166.1
6,1993,19.11,182.1,133.284,153.2,227.6,193.1
7,1993,22.49,66.3,163.038,187.4,243,223.9
8,1993,22.46,85.4,152.511,175.3,212,199.9
9,1993,14.74,135,80.736,92.8,114.4,114.7
10,1993,10.3,94.2,48.72,56,85.4,74.6
11,1993,3.83,29,12.789,14.7,34.5,42.6
12,1993,-1.85,29.5,0,0,17.4,31.7
1,1994,-8.55,70.92,0,0,14,30.8
2,1994,-5.68,35.82,0,0,27.1,40.9
3,1994,2.56,36.5,8.352,9.6,78,74.7
4,1994,10.72,88.9,55.071,63.3,148.1,119.2
5,1994,14.64,21.9,92.046,105.8,221.2,162
6,1994,21.75,146.2,153.033,175.9,264.5,220.1
7,1994,22.51,167.8,161.124,185.2,230.5,222.8
8,1994,20.15,143.4,131.283,150.9,193.5,179.2
9,1994,18.24,29.18,101.094,116.2,151.5,129.9
10,1994,12.34,57.9,56.985,65.5,92,79.7
11,1994,7.01,137.2,23.751,27.3,40.6,47.1
12,1994,1.3,37.3,2.784,3.2,24.2,33.7
1,1995,-2.27,65.6,0,0,19.9,34.9
2,1995,-3.59,21.9,0,0,26.1,42.1
3,1995,4.13,41.9,14.877,17.1,87.2,79
4,1995,7.57,86,34.8,40,125,106.2
5,1995,15.24,95.7,96.048,110.4,208.5,161.5
6,1995,21.88,75.2,153.729,176.7,262.7,217.3
7,1995,23.8,135.76,172.608,198.4,263.3,241.5
8,1995,25.08,128.4,172.956,198.8,207.7,225.2
9,1995,16.28,121.88,86.913,99.9,157.2,122
10,1995,12.48,72,57.072,65.6,95.5,81.1
11,1995,0.89,92.27,1.653,1.9,29.6,40
12,1995,-3.65,31.03,0,0,17.2,30.6
1,1996,-4.34,39.65,0,0,22.2,34
2,1996,-3.13,17.46,0,0,32.7,45.6
3,1996,-0.23,19,0,0,71.6,71.3
4,1996,7.46,94,36.888,42.4,129.6,108
5,1996,14.47,91.54,93.264,107.2,190.1,160
6,1996,21.55,158,152.772,175.6,219.1,216.9
7,1996,21.48,35.3,153.381,176.3,264.7,212.5
8,1996,23.05,40.9,156.6,180,233.4,203.4
9,1996,17.65,77.04,98.832,113.6,150.4,127.5
10,1996,11.71,101.2,55.332,63.6,95,77.2
11,1996,1.65,73.83,4.35,5,27.5,39.9
12,1996,-1.19,98.11,0,0,16.3,31.9
1,1997,-5.59,77.2,0,0,18,32.8
2,1997,-1.16,111.9,0,0,28.6,44.1
3,1997,3.07,61.98,12.354,14.2,78.4,75.9
4,1997,8.2,38.7,42.891,49.3,140.4,108.9
5,1997,11.64,116.4,73.341,84.3,174.6,143.6
6,1997,21.2,118.55,150.771,173.3,251.4,210.6
7,1997,23.06,43.2,167.91,193,276.6,231.9
8,1997,20.46,93.61,136.503,156.9,203,181.6
9,1997,17.34,144,97.962,112.6,143,124.9
10,1997,11.44,62.7,55.158,63.4,92.7,81
11,1997,3.01,47.1,9.657,11.1,28.1,41.7
12,1997,-0.01,56.78,0,0,17.5,32.5
1,1998,-0.29,108.09,0,0,17.9,36.4
2,1998,2.34,50,4.611,5.3,36.7,47.5
3,1998,3.97,90.31,11.832,13.6,62.7,82.2
4,1998,10.44,134.4,48.111,55.3,143.1,115
5,1998,19.41,49.3,127.02,146,242.2,191.2
6,1998,20.97,68,142.332,163.6,252.7,215.5
7,1998,23.17,104.8,164.517,189.1,270.9,230
8,1998,23.2,59.2,154.425,177.5,218.4,204
9,1998,20.34,53.4,112.665,129.5,185.6,142.1
10,1998,12.91,93.3,55.767,64.1,96.9,80.5
11,1998,6.91,53.4,20.184,23.2,40.3,46.1
12,1998,2.12,38.09,3.915,4.5,28.9,35.2
1,1999,-4.76,105.27,0,0,20.5,33.7
2,1999,0.88,36.3,1.305,1.5,37.7,46.3
3,1999,2.1,35.3,5.394,6.2,79.6,74.9
4,1999,10.68,160.4,51.069,58.7,149.1,115.7
5,1999,18.01,59.9,116.058,133.4,243.1,180.5
6,1999,22.42,109.1,156.861,180.3,267.4,224.7
7,1999,25.18,82.6,184.788,212.4,273.9,258.1
8,1999,21.58,50,140.766,161.8,221,188.8
9,1999,19.03,74.6,103.965,119.5,194.5,134.2
10,1999,11.58,36.1,49.242,56.6,91.1,77.4
11,1999,8.05,24.2,25.839,29.7,54.9,48
12,1999,-0.27,89.76,0,0,20.6,33.2
1,2000,-3.67,82.3,0,0,19.4,33.6
2,2000,1.48,42.3,3.393,3.9,40.4,50.5
3,2000,7,53.8,29.841,34.3,94.7,85.5
4,2000,9.15,114.1,45.066,51.8,133.5,111.9
5,2000,17.1,232.1,112.056,128.8,199.9,175.4
6,2000,20.52,102.1,142.158,163.4,235,206.7
7,2000,21.49,122.8,151.989,174.7,255.4,212.6
8,2000,21.46,117.8,142.158,163.4,208.7,188.3
9,2000,17.55,133.7,96.309,110.7,146.6,129.1
10,2000,13.62,67.9,64.554,74.2,94,82.3
11,2000,4,121.92,11.658,13.4,32.4,43.3
12,2000,-7.01,98.4,0,0,12.8,28
1,2001,-2.95,27,0,0,19.1,34.2
2,2001,-1.72,103.02,0,0,25.4,43.7
3,2001,1.31,23.2,3.132,3.6,65.9,72.3
4,2001,11.57,78.6,58.377,67.1,153.3,120.5
5,2001,17.2,194.9,110.577,127.1,214.6,174.4
6,2001,20.38,134,139.2,160,234.8,206.4
7,2001,22.95,51.1,163.995,188.5,281,229.5
8,2001,23.38,148,157.383,180.9,211.9,208.6
9,2001,16.54,125.5,87.435,100.5,140.9,123.5
10,2001,11.6,196.1,50.721,58.3,78,78.1
11,2001,9.07,52.1,31.32,36,47.8,49
12,2001,2.72,71.2,6.351,7.3,23.3,35.4
1,2002,0.52,60.3,0.783,0.9,26.3,37.4
2,2002,0.99,51.2,1.827,2.1,36.7,46.5
3,2002,1.31,55.6,3.306,3.8,68.1,72.6
4,2002,10.54,82.5,52.461,60.3,133.5,121.5
5,2002,13.02,113.9,77.604,89.2,182.8,153.4
6,2002,22.12,51.8,155.469,178.7,260.7,222.3
7,2002,24.92,109,182.874,210.2,282.8,253.9
8,2002,23.06,146.2,154.947,178.1,206.7,205.7
9,2002,20.25,43.4,114.405,131.5,182.2,141.4
10,2002,10.32,113.5,44.109,50.7,79.7,77.4
11,2002,4.1,57.87,11.397,13.1,31.7,43.3
12,2002,-1.66,66.06,0,0,18.4,31.7
1,2003,-5.98,25.1,0,0,15.1,32.4
2,2003,-5,30.75,0,0,26,40.3
3,2003,3.75,47.6,13.92,16,88,79
4,2003,10.65,78.61,55.419,63.7,157.2,119.5
5,2003,14.24,158.5,89.697,103.1,184.4,156
6,2003,19.74,62.7,135.981,156.3,257.5,197.9
7,2003,22.77,74.1,163.908,188.4,259.9,225.6
8,2003,22.94,98.6,154.947,178.1,228.3,202.7
9,2003,17.59,134.3,97.179,111.7,148.4,127.8
10,2003,10.9,63.3,49.329,56.7,92.5,76.5
11,2003,6.39,173.2,21.663,24.9,39.9,45.9
12,2003,0.33,63.9,0.522,0.6,19.1,33.2
1,2004,-5.91,46.4,0,0,15.2,32.1
2,2004,-2.18,34,0,0,32.6,45.3
3,2004,5.59,117.3,21.924,25.2,73.3,82.7
4,2004,11.7,11.2,60.813,69.9,155.8,124
5,2004,17.07,252.2,111.012,127.6,200.5,175.9
6,2004,20.19,97.8,138.678,159.4,222.2,202
7,2004,22.57,80.3,161.211,185.3,247.7,222.9
8,2004,20.42,172.27,132.936,152.8,191.3,180.8
9,2004,19.63,43.7,110.49,127,169.1,137.8
10,2004,11.67,85.4,52.374,60.2,84.7,76.5
11,2004,5.76,109,18.096,20.8,34.7,44
12,2004,-1.08,67.8,0,0,18.4,32.4
1,2005,-4.19,108.1,0,0,17.8,33.9
2,2005,-0.91,52.1,0,0,25,44.1
3,2005,0.55,27.7,0.87,1,60.4,72.7
4,2005,11.66,10.8,57.507,66.1,148.5,120.2
5,2005,14.03,51.9,82.998,95.4,179.4,156.6
6,2005,23.67,123.2,168.78,194,226.2,239.2
7,2005,23.95,154.8,172.782,198.6,238.9,240
8,2005,23.19,51.7,155.034,178.2,194.3,205.2
9,2005,20.28,62.6,113.187,130.1,166.8,141.4
10,2005,12.4,19.9,54.027,62.1,82.6,82.5
11,2005,6.29,60.6,18.531,21.3,43.7,47
12,2005,-3.01,29.2,0,0,11.5,30.9
1,2006,2.42,82.1,6.786,7.8,23.6,38.8
2,2006,-1.4,25.2,0,0,29.4,44.2
3,2006,3.95,74.7,15.312,17.6,68.4,77.9
4,2006,11.1,42.3,59.16,68,145.5,117.9
5,2006,14.64,120.9,93.699,107.7,172.6,163.8
6,2006,20.11,50.3,139.809,160.7,221.3,199.2
7,2006,23.66,102.9,172.26,198,224.4,235.7
8,2006,21.8,121.7,145.899,167.7,196.9,193.3
9,2006,15.87,88,86.13,99,117,119.1
10,2006,9.12,101,40.107,46.1,76.3,73.4
11,2006,5.73,74.9,19.314,22.2,34,45
12,2006,2.1,71.8,5.481,6.3,21.9,34.9
1,2007,-1.41,98.4,0,0,18.5,35.4
2,2007,-6.66,37.99,0,0,20,39.7
3,2007,6.03,67.5,22.011,25.3,93.7,85.4
4,2007,8.98,84.6,40.542,46.6,136,114
5,2007,19.12,64.5,125.715,144.5,247.4,188.4
6,2007,22.53,42.7,157.905,181.5,277.3,224.6
7,2007,23.05,19.1,164.169,188.7,285.5,231.8
8,2007,22.41,203.5,148.074,170.2,195.9,200.7
9,2007,18.4,38.3,99.354,114.2,152.7,132.1
10,2007,14.09,118.8,64.119,73.7,85.9,87
11,2007,3.48,46.4,8.352,9.6,33.6,42.6
12,2007,-2.06,44.5,0,0,15,31.6
1,2008,-2.48,110.87,0,0,19.1,35.3
2,2008,-4.43,86.17,0,0,24.5,42.9
3,2008,1.33,49.9,3.654,4.2,63.3,72.6
4,2008,11.85,62.8,62.553,71.9,156.3,124.8
5,2008,14.95,47.5,94.482,108.6,207.4,161.3
6,2008,21.64,150,152.076,174.8,241.8,214.5
7,2008,23.11,173.3,166.605,191.5,255.7,228.1
8,2008,22.28,20.8,149.031,171.3,243.9,194.5
9,2008,18.9,356.7,105.792,121.6,156.2,131.4
10,2008,10.56,89.6,46.719,53.7,87.9,74.7
11,2008,4.03,40.02,11.832,13.6,33.9,43.7
12,2008,-3.23,94.6,0,0,20.4,30.3
1,2009,-7.88,74.4,0,0,13.6,30.8
2,2009,-1.2,79.04,0,0,35.3,44.6
3,2009,5.06,98.5,21.315,24.5,87.3,80.4
4,2009,9.87,141.6,51.939,59.7,133.5,116.7
5,2009,15.73,63.4,103.269,118.7,210.7,165.8
6,2009,20.84,164.88,146.595,168.5,232.6,207
7,2009,20.28,13,142.941,164.3,244.7,201.1
8,2009,21.3,198.8,142.245,163.5,213.3,188.9
9,2009,17.21,33.8,95.874,110.2,143.7,124.1
10,2009,8.89,140.1,39.498,45.4,60.8,71.2
11,2009,7.27,25,26.448,30.4,47,46.4
12,2009,-2.5,42.5,0,0,19.1,31.2
1,2010,-3.94,21.9,0,0,17.3,33.7
2,2010,-3.7,43.8,0,0,26.9,41.7
3,2010,5.56,27.5,19.749,22.7,94.1,81.3
4,2010,13.16,73,67.599,77.7,176.1,125.4
5,2010,15.89,30.1,98.049,112.7,205,164.5
6,2010,21.83,210.16,151.38,174,234,216.1
7,2010,23.29,166.24,166.431,191.3,257.4,230.6
8,2010,23.33,52.7,156.339,179.7,193.2,206.2
9,2010,18.13,94.3,97.353,111.9,150,129.7
10,2010,12.92,45.2,57.072,65.6,109.9,80.8
11,2010,5.52,46.1,15.573,17.9,53.5,44.6
12,2010,-4.33,28.8,0,0,16,29.6
1,2011,-5.61,38.99,0,0,16,32.4
2,2011,-3.25,35.2,0,0,34.9,42.5
3,2011,2.11,52.7,6.264,7.2,65.1,73.8
4,2011,8.6,135.9,40.977,47.1,110.5,109.9
5,2011,16.28,171.9,104.487,120.1,195.4,171
6,2011,21.4,57.5,149.466,171.8,235.9,213.6
7,2011,24.82,232.4,182.091,209.3,275.5,250.2
8,2011,21.62,98.3,143.028,164.4,198.5,189.9
9,2011,16.77,103.6,90.306,103.8,129.6,126.3
10,2011,11.42,89.9,50.982,58.6,97.2,78.1
11,2011,7.19,103.9,24.099,27.7,43.7,46.4
12,2011,1.47,97,3.045,3.5,21.6,33.8
1,2012,-1.4,82.9,0,0,24.1,35.5
2,2012,-0.1,68.3,0,0,32.1,46.9
3,2012,10.93,104.3,49.59,57,117,98.6
4,2012,9.35,107.5,43.5,50,138.6,111.8
5,2012,17.56,34.7,112.926,129.8,218,179.4
6,2012,21.5,39.7,148.857,171.1,278.8,217.7
7,2012,25.93,38.9,192.357,221.1,299.6,269.3
8,2012,21.52,77.9,140.766,161.8,235.5,190.4
9,2012,17.63,85.2,94.395,108.5,157.2,128.6
10,2012,10.14,139.7,41.847,48.1,72,74.6
11,2012,3.92,4.7,10.179,11.7,39.4,42.6
12,2012,1.83,109,3.567,4.1,25,34.8
1,2013,-2.11,99.04,0,0,24.3,35.3
2,2013,-3.54,32.1,0,0,23.4,42.4
3,2013,0.35,19.33,0.783,0.9,52.6,70.8
4,2013,8.27,199.62,41.151,47.3,128.4,109.1
5,2013,17.43,70.71,116.232,133.6,223,178.1
6,2013,20.53,192.8,143.376,164.8,222,204.1
7,2013,22.67,121.31,163.386,187.8,221.7,230.3
8,2013,21.11,135.88,140.157,161.1,211.5,186
9,2013,18.03,31.15,100.833,115.9,158.1,131.2
10,2013,11.98,110.9,56.202,64.6,86.5,80.7
11,2013,3.33,96,9.918,11.4,28.6,42.4
12,2013,-3.57,64.91,0,0,15.5,30.6
1,2014,-7.47,70.15,0,0,13.2,31.4
2,2014,-7.37,70.36,0,0,19,38.9
3,2014,-1.82,47.5,0,0,55.3,68.4
4,2014,9.2,77.88,48.459,55.7,137.8,111.7
5,2014,15.02,104.3,98.397,113.1,207.3,162.6
6,2014,21.4,157,151.989,174.7,215.8,210.4
7,2014,20.32,67.59,143.898,165.4,224.7,201.7
8,2014,21.73,50.19,146.16,168,196.1,189.5
9,2014,16.85,78.7,94.047,108.1,143.7,124.8
10,2014,11.3,105.22,53.679,61.7,75.8,77.3
11,2014,2.71,84.87,8.178,9.4,26.5,42.1
12,2014,-0.1,35.33,0,0,18.7,32.7
1,2015,-4.6,47.01,0,0,16.7,33.4
2,2015,-7.07,30.41,0,0,20,39
3,2015,2.68,7.1,8.265,9.5,72.6,75
4,2015,9.53,51.6,46.023,52.9,134.6,112
5,2015,17.13,162.46,110.751,127.3,212.3,174.8
6,2015,19.99,106.38,136.329,156.7,232.1,196.4
7,2015,22.41,145.08,159.384,183.2,246.1,218.8
8,2015,21.08,147.4,137.982,158.6,192.4,185.9
9,2015,19.69,51.51,110.403,126.9,155.9,138.5
10,2015,11.96,66.7,53.418,61.4,81.8,78.5
11,2015,7.9,66.39,26.622,30.6,49.5,48.1
12,2015,4.01,105.43,10.788,12.4,25.8,36.5
1,2016,-2.43,42.27,0,0,18.9,34.8
2,2016,-1.17,27.03,0,0,32.8,46.6
3,2016,6.24,98.39,23.055,26.5,85.5,83.4
4,2016,9.35,90.8,42.717,49.1,131.4,114.9
5,2016,15.47,112.32,94.656,108.8,198.3,166.6
6,2016,21.27,39.35,146.16,168,253.9,210.2
7,2016,23.16,168.07,165.213,189.9,248.8,228.9
8,2016,23.34,195.12,156.426,179.8,199.9,204.3
9,2016,19.34,53.36,106.227,122.1,151,134
10,2016,13.84,88.62,62.553,71.9,87.4,83.7
11,2016,8.55,54.54,28.014,32.2,46.8,48.9
12,2016,-1.61,62.6,0,0,15.1,31.6
1,2017,-1.21,97.84,0,0,18.6,36.1
2,2017,2.01,41.6,4.785,5.5,44.1,48.3
3,2017,3.49,131.44,12.006,13.8,64.3,76.7
4,2017,11.67,108.2,60.552,69.6,145.5,121.1
5,2017,14.85,98.24,92.916,106.8,180.3,161.9
6,2017,21.51,55.7,150.423,172.9,226.1,214.5
7,2017,22.69,71.31,162.342,186.6,236.5,223
8,2017,20.43,62.7,133.023,152.9,200.2,180.2
9,2017,18.98,29.17,105.792,121.6,167.7,134.6
10,2017,13.81,211.94,64.989,74.7,89.9,85.6
11,2017,4.62,113.54,13.659,15.7,33.4,43.1
12,2017,-2.83,34.68,0,0,18.9,31.6
1,2018,-3.2,22.36,0,0,21.4,34.6
2,2018,-0.75,105.91,0,0,31.1,45.5
3,2018,2.62,48.29,8.613,9.9,62.4,74.1
4,2018,5.83,78.59,25.491,29.3,106.5,102.3
5,2018,18.32,196.82,122.235,140.5,208.1,182.9
6,2018,21.38,115.53,149.814,172.2,210.2,212.6
7,2018,22.4,51.93,160.167,184.1,242.5,222.8
8,2018,23.1,154,155.991,179.3,193.9,203.4
9,2018,19.52,123.85,110.142,126.6,145.1,139.9
10,2018,11.21,133.6,50.46,58,75.8,79.2
11,2018,2.59,54.68,6.786,7.8,21.4,41.5
12,2018,-0.17,49.24,0,0,19.8,32.8
1,2019,-5.11,39.05,0,0,16.6,32.9
2,2019,-2.93,51.31,0,0,25.4,42.6
3,2019,2.03,72.48,6.438,7.4,62.4,74.4
4,2019,9.86,103.3,50.373,57.9,125.2,113.4
5,2019,14.82,133.59,94.308,108.4,180.8,160.2
6,2019,20.03,206.7,138.504,159.2,213.1,199.4
7,2019,23.66,81.57,171.912,197.6,244.4,236.5
8,2019,21.2,59.2,140.418,161.4,207.4,186.5
9,2019,19.56,149.01,111.012,127.6,146.3,135.6
10,2019,11.5,148.6,52.722,60.6,74.9,78.2
11,2019,2.42,49.9,6.438,7.4,27,41.1
12,2019,1.29,68.6,2.871,3.3,24.1,34.1
1,2020,1.33,61.75,Inf,Inf,10.2,14.9
